Shares,Percent of Outstanding Shares,Registration,Email,Date of Birth / Organization,Address,Address Extra,City,State,Postal Code,Country,Onboarded Date,Issue Date of Security,Cancellation Date of Security,Dividends,Restricted Shares Notes
2000,2.00E-07,Mark Mayers,real_email_for_shareholder_communication@gmx.com,9/3/1978,368 Georgia Tech Sta,595 Ferst Dr,Atlanta,GA,30577,USA,9/2/2000,1/1/2018,,,RESTRICTED MARK: Vested until 2022
2000,2.00E-07,Mark Mayers,real_email_for_shareholder_communication@gmx.com,9/4/1978,369 Georgia Tech Sta,596 Ferst Dr,Atlanta,GA,30578,USA,9/3/2000,1/2/2018,,,RESTRICTED MARK: Vested until 2023
2000,2.00E-07,Mark Mayers,real_email_for_shareholder_communication@gmx.com,9/5/1978,370 Georgia Tech Sta,597 Ferst Dr,Atlanta,GA,30579,USA,9/4/2000,1/3/2018,,,RESTRICTED MARK: Vested until 2024
2000,2.00E-07,Mark Mayers,real_email_for_shareholder_communication@gmx.com,9/6/1978,371 Georgia Tech Sta,598 Ferst Dr,Atlanta,GA,30580,USA,9/5/2000,1/4/2018,,,RESTRICTED MARK: Vested until 2025
2000,2.00E-07,Mark Mayers,real_email_for_shareholder_communication@gmx.com,9/7/1978,372 Georgia Tech Sta,599 Ferst Dr,Atlanta,GA,30581,USA,9/6/2000,1/5/2018,,,RESTRICTED MARK: Vested until 2026
6944743985,0.694473704,Cede & Co.,real_email_for_shareholder_communication@gmx.com,1/1/1978,123 Georgia Tech Sta,350 Ferst Dr,Atlanta,GA,30332,USA,1/1/2000,,,,
770235095,0.077023432,Hillhouse Capital Advisors Ltd.,real_email_for_shareholder_communication@gmx.com,1/2/1978,124 Georgia Tech Sta,351 Ferst Dr,Atlanta,GA,30333,USA,1/2/2000,,,,
140000050,0.013999991,Morgan Stanley,real_email_for_shareholder_communication@gmx.com,1/3/1978,125 Georgia Tech Sta,352 Ferst Dr,Atlanta,GA,30334,USA,1/3/2000,,,,
253939120.9,0.025393887,Credit Suisse Ag,real_email_for_shareholder_communication@gmx.com,1/4/1978,126 Georgia Tech Sta,353 Ferst Dr,Atlanta,GA,30335,USA,1/4/2000,,,,
107433962.8,0.010743386,"Goldman Sachs Group, Inc.",real_email_for_shareholder_communication@gmx.com,1/5/1978,127 Georgia Tech Sta,354 Ferst Dr,Atlanta,GA,30336,USA,1/5/2000,,,,
100910000,0.01009099,UBS Group AG,real_email_for_shareholder_communication@gmx.com,1/6/1978,128 Georgia Tech Sta,355 Ferst Dr,Atlanta,GA,30337,USA,1/6/2000,,,,
30000000,0.002999997,Nomura Holdings Inc.,real_email_for_shareholder_communication@gmx.com,1/7/1978,129 Georgia Tech Sta,356 Ferst Dr,Atlanta,GA,30338,USA,1/7/2000,,,,
87319314.75,0.008731923,Blackrock Inc.,real_email_for_shareholder_communication@gmx.com,1/8/1978,130 Georgia Tech Sta,357 Ferst Dr,Atlanta,GA,30339,USA,1/8/2000,,,,
75800304.72,0.007580023,"Vanguard Group, Inc. (The)",real_email_for_shareholder_communication@gmx.com,1/9/1978,131 Georgia Tech Sta,358 Ferst Dr,Atlanta,GA,30340,USA,1/9/2000,,,,
71794871.79,0.00717948,Canada Pension Plan Investment Board,real_email_for_shareholder_communication@gmx.com,1/10/1978,132 Georgia Tech Sta,359 Ferst Dr,Atlanta,GA,30341,USA,1/10/2000,,,,
71672988.12,0.007167292,Bank of America Corporation,real_email_for_shareholder_communication@gmx.com,1/11/1978,133 Georgia Tech Sta,360 Ferst Dr,Atlanta,GA,30342,USA,1/11/2000,,,,
69000000,0.006899993,Vanguard International Stock Index-Total Intl Stock Indx,real_email_for_shareholder_communication@gmx.com,1/12/1978,134 Georgia Tech Sta,361 Ferst Dr,Atlanta,GA,30343,USA,1/12/2000,,,,
0.0001383,1.38E-14,Vanguard International Stock Index-Emerging Markets Stk,real_email_for_shareholder_communication@gmx.com,1/13/1978,135 Georgia Tech Sta,362 Ferst Dr,Atlanta,GA,30344,USA,1/13/2000,,,,
59317211.9,0.005931715,KraneShares CSI China Internet ETF,real_email_for_shareholder_communication@gmx.com,1/14/1978,136 Georgia Tech Sta,363 Ferst Dr,Atlanta,GA,30345,USA,1/14/2000,,,,
55000000,0.005499995,iShares Core MSCI Emerging Markets ETF,real_email_for_shareholder_communication@gmx.com,1/15/1978,137 Georgia Tech Sta,364 Ferst Dr,Atlanta,GA,30346,USA,1/15/2000,,,,
50000000,0.004999995,iShares MSCI Emerging Markets ETF,real_email_for_shareholder_communication@gmx.com,1/16/1978,138 Georgia Tech Sta,365 Ferst Dr,Atlanta,GA,30347,USA,1/16/2000,,,,
45250100,0.004525005,Delaware Group Global & International Funds-Emerging Markets Fd,real_email_for_shareholder_communication@gmx.com,1/17/1978,139 Georgia Tech Sta,366 Ferst Dr,Atlanta,GA,30348,USA,1/17/2000,,,,
43000000,0.004299996,iShares MSCI China ETF,real_email_for_shareholder_communication@gmx.com,1/18/1978,140 Georgia Tech Sta,367 Ferst Dr,Atlanta,GA,30349,USA,1/18/2000,,,,
24754755.27,0.002475473,Amplify Online Retail ETF,real_email_for_shareholder_communication@gmx.com,1/19/1978,141 Georgia Tech Sta,368 Ferst Dr,Atlanta,GA,30350,USA,1/19/2000,,,,
34995692.49,0.003499566,Vanguard Intl Equity Index Fds-FTSE All World ex U.S. Index Fund,real_email_for_shareholder_communication@gmx.com,1/20/1978,142 Georgia Tech Sta,369 Ferst Dr,Atlanta,GA,30351,USA,1/20/2000,,,,
50470761.59,0.005047071,Wells Fargo Emerging Markets Equity Fd,real_email_for_shareholder_communication@gmx.com,1/21/1978,143 Georgia Tech Sta,370 Ferst Dr,Atlanta,GA,30352,USA,1/21/2000,,,,
300000,3.00E-05,Brokerage 1,real_email_for_shareholder_communication@gmx.com,1/22/1978,144 Georgia Tech Sta,371 Ferst Dr,Atlanta,GA,30353,USA,1/22/2000,,,,
28266300.99,0.002826627,Brokerage 2,real_email_for_shareholder_communication@gmx.com,1/23/1978,145 Georgia Tech Sta,372 Ferst Dr,Atlanta,GA,30354,USA,1/23/2000,,,,
25000000,0.002499998,Brokerage 3,real_email_for_shareholder_communication@gmx.com,1/24/1978,146 Georgia Tech Sta,373 Ferst Dr,Atlanta,GA,30355,USA,1/24/2000,,,,
24540040.24,0.002454002,Brokerage 4,real_email_for_shareholder_communication@gmx.com,1/25/1978,147 Georgia Tech Sta,374 Ferst Dr,Atlanta,GA,30356,USA,1/25/2000,,,,
23500000,0.002349998,Brokerage 5,real_email_for_shareholder_communication@gmx.com,1/26/1978,148 Georgia Tech Sta,375 Ferst Dr,Atlanta,GA,30357,USA,1/26/2000,,,,
22807240.16,0.002280722,Brokerage 6,real_email_for_shareholder_communication@gmx.com,1/27/1978,149 Georgia Tech Sta,376 Ferst Dr,Atlanta,GA,30358,USA,1/27/2000,,,,
22727272.73,0.002272725,HFT 7,real_email_for_shareholder_communication@gmx.com,1/28/1978,150 Georgia Tech Sta,377 Ferst Dr,Atlanta,GA,30359,USA,1/28/2000,,,,
21000000,0.002099998,Hedge Fund 8,real_email_for_shareholder_communication@gmx.com,1/29/1978,151 Georgia Tech Sta,378 Ferst Dr,Atlanta,GA,30360,USA,1/29/2000,,,,
20555555.1,0.002055553,Institution 9,real_email_for_shareholder_communication@gmx.com,1/30/1978,152 Georgia Tech Sta,379 Ferst Dr,Atlanta,GA,30361,USA,1/30/2000,,,,
19999999.99,0.001999998,Institution 10,real_email_for_shareholder_communication@gmx.com,1/31/1978,153 Georgia Tech Sta,380 Ferst Dr,Atlanta,GA,30362,USA,1/31/2000,,,,
19687500,0.001968748,Institution 11,real_email_for_shareholder_communication@gmx.com,2/1/1978,154 Georgia Tech Sta,381 Ferst Dr,Atlanta,GA,30363,USA,2/1/2000,,,,
17044265.59,0.001704425,Institution 12,real_email_for_shareholder_communication@gmx.com,2/2/1978,155 Georgia Tech Sta,382 Ferst Dr,Atlanta,GA,30364,USA,2/2/2000,,,,
14988649.89,0.001498863,Institution 13,real_email_for_shareholder_communication@gmx.com,2/3/1978,156 Georgia Tech Sta,383 Ferst Dr,Atlanta,GA,30365,USA,2/3/2000,,,,
14662833.75,0.001466282,Institution 14,real_email_for_shareholder_communication@gmx.com,2/4/1978,157 Georgia Tech Sta,384 Ferst Dr,Atlanta,GA,30366,USA,2/4/2000,,,,
11620847.63,0.001162084,Institution 15,real_email_for_shareholder_communication@gmx.com,2/5/1978,158 Georgia Tech Sta,385 Ferst Dr,Atlanta,GA,30367,USA,2/5/2000,,,,
11468253.97,0.001146824,Institution 16,real_email_for_shareholder_communication@gmx.com,2/6/1978,159 Georgia Tech Sta,386 Ferst Dr,Atlanta,GA,30368,USA,2/6/2000,,,,
11467995.58,0.001146798,Institution 17,real_email_for_shareholder_communication@gmx.com,2/7/1978,160 Georgia Tech Sta,387 Ferst Dr,Atlanta,GA,30369,USA,2/7/2000,,,,
11000000,0.001099999,Institution 18,real_email_for_shareholder_communication@gmx.com,2/8/1978,161 Georgia Tech Sta,388 Ferst Dr,Atlanta,GA,30370,USA,2/8/2000,,,,
11000000,0.001099999,Institution 19,real_email_for_shareholder_communication@gmx.com,2/9/1978,162 Georgia Tech Sta,389 Ferst Dr,Atlanta,GA,30371,USA,2/9/2000,,,,
11000000,0.001099999,Institution 20,real_email_for_shareholder_communication@gmx.com,2/10/1978,163 Georgia Tech Sta,390 Ferst Dr,Atlanta,GA,30372,USA,2/10/2000,,,,
10638297.87,0.001063829,Institution 21,real_email_for_shareholder_communication@gmx.com,2/11/1978,164 Georgia Tech Sta,391 Ferst Dr,Atlanta,GA,30373,USA,2/11/2000,,,,
0.0764915,7.65E-12,Institution 22,real_email_for_shareholder_communication@gmx.com,2/12/1978,165 Georgia Tech Sta,392 Ferst Dr,Atlanta,GA,30374,USA,2/12/2000,,,,
6000000.017,0.000599999,Institution 23,real_email_for_shareholder_communication@gmx.com,2/13/1978,166 Georgia Tech Sta,393 Ferst Dr,Atlanta,GA,30375,USA,2/13/2000,,,,
10000000,0.000999999,Institution 24,real_email_for_shareholder_communication@gmx.com,2/14/1978,167 Georgia Tech Sta,394 Ferst Dr,Atlanta,GA,30376,USA,2/14/2000,,,,
10000000,0.000999999,Institution 25,real_email_for_shareholder_communication@gmx.com,2/15/1978,168 Georgia Tech Sta,395 Ferst Dr,Atlanta,GA,30377,USA,2/15/2000,,,,
0,0,Institution 26,real_email_for_shareholder_communication@gmx.com,2/16/1978,169 Georgia Tech Sta,396 Ferst Dr,Atlanta,GA,30378,USA,2/16/2000,,,,
9405972,0.000940596,Institution 27,real_email_for_shareholder_communication@gmx.com,2/17/1978,170 Georgia Tech Sta,397 Ferst Dr,Atlanta,GA,30379,USA,2/17/2000,,,,
10647671.27,0.001064766,Institution 28,real_email_for_shareholder_communication@gmx.com,2/18/1978,171 Georgia Tech Sta,398 Ferst Dr,Atlanta,GA,30380,USA,2/18/2000,,,,
6273815.808,0.000627381,Institution 29,real_email_for_shareholder_communication@gmx.com,2/19/1978,172 Georgia Tech Sta,399 Ferst Dr,Atlanta,GA,30381,USA,2/19/2000,,,,
7844812.819,0.00078448,Institution 30,real_email_for_shareholder_communication@gmx.com,2/20/1978,173 Georgia Tech Sta,400 Ferst Dr,Atlanta,GA,30382,USA,2/20/2000,,,,
7348903.974,0.00073489,Institution 31,real_email_for_shareholder_communication@gmx.com,2/21/1978,174 Georgia Tech Sta,401 Ferst Dr,Atlanta,GA,30383,USA,2/21/2000,,,,
7284002.819,0.0007284,Institution 32,real_email_for_shareholder_communication@gmx.com,2/22/1978,175 Georgia Tech Sta,402 Ferst Dr,Atlanta,GA,30384,USA,2/22/2000,,,,
7164519.481,0.000716451,Institution 33,real_email_for_shareholder_communication@gmx.com,2/23/1978,176 Georgia Tech Sta,403 Ferst Dr,Atlanta,GA,30385,USA,2/23/2000,,,,
0,0,Institution 34,real_email_for_shareholder_communication@gmx.com,2/24/1978,177 Georgia Tech Sta,404 Ferst Dr,Atlanta,GA,30386,USA,2/24/2000,,,,
6589241.616,0.000658924,Institution 35,real_email_for_shareholder_communication@gmx.com,2/25/1978,178 Georgia Tech Sta,405 Ferst Dr,Atlanta,GA,30387,USA,2/25/2000,,,,
6548463.385,0.000654846,Institution 36,real_email_for_shareholder_communication@gmx.com,2/26/1978,179 Georgia Tech Sta,406 Ferst Dr,Atlanta,GA,30388,USA,2/26/2000,,,,
6521739.13,0.000652173,Institution 37,real_email_for_shareholder_communication@gmx.com,2/27/1978,180 Georgia Tech Sta,407 Ferst Dr,Atlanta,GA,30389,USA,2/27/2000,,,,
6813953.488,0.000681395,Institution 39,real_email_for_shareholder_communication@gmx.com,3/1/1978,182 Georgia Tech Sta,409 Ferst Dr,Atlanta,GA,30391,USA,2/29/2000,,,,
8049999.967,0.000804999,Institution 40,real_email_for_shareholder_communication@gmx.com,3/2/1978,183 Georgia Tech Sta,410 Ferst Dr,Atlanta,GA,30392,USA,3/1/2000,,,,
5405405.378,0.00054054,Institution 41,real_email_for_shareholder_communication@gmx.com,3/3/1978,184 Georgia Tech Sta,411 Ferst Dr,Atlanta,GA,30393,USA,3/2/2000,,,,
11174569.41,0.001117456,Institution 42,real_email_for_shareholder_communication@gmx.com,3/4/1978,185 Georgia Tech Sta,412 Ferst Dr,Atlanta,GA,30394,USA,3/3/2000,,,,
5217391.304,0.000521739,Institution 43,real_email_for_shareholder_communication@gmx.com,3/5/1978,186 Georgia Tech Sta,413 Ferst Dr,Atlanta,GA,30395,USA,3/4/2000,,,,
5000000.006,0.0005,Institution 44,real_email_for_shareholder_communication@gmx.com,3/6/1978,187 Georgia Tech Sta,414 Ferst Dr,Atlanta,GA,30396,USA,3/5/2000,,,,
5000000,0.0005,Institution 45,real_email_for_shareholder_communication@gmx.com,3/7/1978,188 Georgia Tech Sta,415 Ferst Dr,Atlanta,GA,30397,USA,3/6/2000,,,,
5000000,0.0005,Institution 46,real_email_for_shareholder_communication@gmx.com,3/8/1978,189 Georgia Tech Sta,416 Ferst Dr,Atlanta,GA,30398,USA,3/7/2000,,,,
5051431.121,0.000505143,Institution 47,real_email_for_shareholder_communication@gmx.com,3/9/1978,190 Georgia Tech Sta,417 Ferst Dr,Atlanta,GA,30399,USA,3/8/2000,,,,
5000000,0.0005,Institution 48,real_email_for_shareholder_communication@gmx.com,3/10/1978,191 Georgia Tech Sta,418 Ferst Dr,Atlanta,GA,30400,USA,3/9/2000,,,,
4857142.857,0.000485714,Institution 49,real_email_for_shareholder_communication@gmx.com,3/11/1978,192 Georgia Tech Sta,419 Ferst Dr,Atlanta,GA,30401,USA,3/10/2000,,,,
4025974.026,0.000402597,Institution 50,real_email_for_shareholder_communication@gmx.com,3/12/1978,193 Georgia Tech Sta,420 Ferst Dr,Atlanta,GA,30402,USA,3/11/2000,,,,
4000000,0.0004,Institution 51,real_email_for_shareholder_communication@gmx.com,3/13/1978,194 Georgia Tech Sta,421 Ferst Dr,Atlanta,GA,30403,USA,3/12/2000,,,,
10000000.02,0.000999999,Institution 52,real_email_for_shareholder_communication@gmx.com,3/14/1978,195 Georgia Tech Sta,422 Ferst Dr,Atlanta,GA,30404,USA,3/13/2000,,,,
3668046.433,0.000366804,Institution 53,real_email_for_shareholder_communication@gmx.com,3/15/1978,196 Georgia Tech Sta,423 Ferst Dr,Atlanta,GA,30405,USA,3/14/2000,,,,
3615571.168,0.000361557,Institution 54,real_email_for_shareholder_communication@gmx.com,3/16/1978,197 Georgia Tech Sta,424 Ferst Dr,Atlanta,GA,30406,USA,3/15/2000,,,,
3543815.514,0.000354381,Institution 55,real_email_for_shareholder_communication@gmx.com,3/17/1978,198 Georgia Tech Sta,425 Ferst Dr,Atlanta,GA,30407,USA,3/16/2000,,,,
3219595.045,0.000321959,Institution 57,real_email_for_shareholder_communication@gmx.com,3/19/1978,200 Georgia Tech Sta,427 Ferst Dr,Atlanta,GA,30409,USA,3/18/2000,,,,
3112359.539,0.000311236,Institution 58,real_email_for_shareholder_communication@gmx.com,3/20/1978,201 Georgia Tech Sta,428 Ferst Dr,Atlanta,GA,30410,USA,3/19/2000,,,,
3000000,0.0003,Institution 59,real_email_for_shareholder_communication@gmx.com,3/21/1978,202 Georgia Tech Sta,429 Ferst Dr,Atlanta,GA,30411,USA,3/20/2000,,,,
2980477.03,0.000298047,Institution 60,real_email_for_shareholder_communication@gmx.com,3/22/1978,203 Georgia Tech Sta,430 Ferst Dr,Atlanta,GA,30412,USA,3/21/2000,,,,
2941176.471,0.000294117,Institution 61,real_email_for_shareholder_communication@gmx.com,3/23/1978,204 Georgia Tech Sta,431 Ferst Dr,Atlanta,GA,30413,USA,3/22/2000,,,,
0,0,Institution 62,real_email_for_shareholder_communication@gmx.com,3/24/1978,205 Georgia Tech Sta,432 Ferst Dr,Atlanta,GA,30414,USA,3/23/2000,,,,
2857142.857,0.000285714,Institution 63,real_email_for_shareholder_communication@gmx.com,3/25/1978,206 Georgia Tech Sta,433 Ferst Dr,Atlanta,GA,30415,USA,3/24/2000,,,,
0.0119047,1.19E-12,Institution 64,real_email_for_shareholder_communication@gmx.com,3/26/1978,207 Georgia Tech Sta,434 Ferst Dr,Atlanta,GA,30416,USA,3/25/2000,,,,
0.0075621,7.56E-13,Institution 65,real_email_for_shareholder_communication@gmx.com,3/27/1978,208 Georgia Tech Sta,435 Ferst Dr,Atlanta,GA,30417,USA,3/26/2000,,,,
2499999.995,0.00025,Institution 66,real_email_for_shareholder_communication@gmx.com,3/28/1978,209 Georgia Tech Sta,436 Ferst Dr,Atlanta,GA,30418,USA,3/27/2000,,,,
2499999.993,0.00025,Institution 67,real_email_for_shareholder_communication@gmx.com,3/29/1978,210 Georgia Tech Sta,437 Ferst Dr,Atlanta,GA,30419,USA,3/28/2000,,,,
2484227.93,0.000248423,Institution 68,real_email_for_shareholder_communication@gmx.com,3/30/1978,211 Georgia Tech Sta,438 Ferst Dr,Atlanta,GA,30420,USA,3/29/2000,,,,
2397000,0.0002397,Institution 69,real_email_for_shareholder_communication@gmx.com,3/31/1978,212 Georgia Tech Sta,439 Ferst Dr,Atlanta,GA,30421,USA,3/30/2000,,,,
2366341.64,0.000236634,Institution 70,real_email_for_shareholder_communication@gmx.com,4/1/1978,213 Georgia Tech Sta,440 Ferst Dr,Atlanta,GA,30422,USA,3/31/2000,,,,
2333333.333,0.000233333,Institution 71,real_email_for_shareholder_communication@gmx.com,4/2/1978,214 Georgia Tech Sta,441 Ferst Dr,Atlanta,GA,30423,USA,4/1/2000,,,,
1865,1.86E-07,Institution 72,real_email_for_shareholder_communication@gmx.com,4/3/1978,215 Georgia Tech Sta,442 Ferst Dr,Atlanta,GA,30424,USA,4/2/2000,,,,
2222222.211,0.000222222,Institution 73,real_email_for_shareholder_communication@gmx.com,4/4/1978,216 Georgia Tech Sta,443 Ferst Dr,Atlanta,GA,30425,USA,4/3/2000,,,,
2173913.043,0.000217391,Institution 74,real_email_for_shareholder_communication@gmx.com,4/5/1978,217 Georgia Tech Sta,444 Ferst Dr,Atlanta,GA,30426,USA,4/4/2000,,,,
2036198.042,0.00020362,Institution 75,real_email_for_shareholder_communication@gmx.com,4/6/1978,218 Georgia Tech Sta,445 Ferst Dr,Atlanta,GA,30427,USA,4/5/2000,,,,
2025316.456,0.000202531,Institution 76,real_email_for_shareholder_communication@gmx.com,4/7/1978,219 Georgia Tech Sta,446 Ferst Dr,Atlanta,GA,30428,USA,4/6/2000,,,,
2000000.682,0.0002,Institution 77,real_email_for_shareholder_communication@gmx.com,4/8/1978,220 Georgia Tech Sta,447 Ferst Dr,Atlanta,GA,30429,USA,4/7/2000,,,,
2000000,0.0002,Institution 78,real_email_for_shareholder_communication@gmx.com,4/9/1978,221 Georgia Tech Sta,448 Ferst Dr,Atlanta,GA,30430,USA,4/8/2000,,,,
8701201.206,0.000870119,Institution 80,real_email_for_shareholder_communication@gmx.com,4/11/1978,223 Georgia Tech Sta,450 Ferst Dr,Atlanta,GA,30432,USA,4/10/2000,,,,
1777777,0.000177778,Institution 81,real_email_for_shareholder_communication@gmx.com,4/12/1978,224 Georgia Tech Sta,451 Ferst Dr,Atlanta,GA,30433,USA,4/11/2000,,,,
1733333.333,0.000173333,Institution 82,real_email_for_shareholder_communication@gmx.com,4/13/1978,225 Georgia Tech Sta,452 Ferst Dr,Atlanta,GA,30434,USA,4/12/2000,,,,
1558052.434,0.000155805,Institution 83,real_email_for_shareholder_communication@gmx.com,4/14/1978,226 Georgia Tech Sta,453 Ferst Dr,Atlanta,GA,30435,USA,4/13/2000,,,,
1502359.211,0.000150236,Institution 84,real_email_for_shareholder_communication@gmx.com,4/15/1978,227 Georgia Tech Sta,454 Ferst Dr,Atlanta,GA,30436,USA,4/14/2000,,,,
1501047.619,0.000150105,Institution 85,real_email_for_shareholder_communication@gmx.com,4/16/1978,228 Georgia Tech Sta,455 Ferst Dr,Atlanta,GA,30437,USA,4/15/2000,,,,
1485689.766,0.000148569,Institution 86,real_email_for_shareholder_communication@gmx.com,4/17/1978,229 Georgia Tech Sta,456 Ferst Dr,Atlanta,GA,30438,USA,4/16/2000,,,,
1481481.481,0.000148148,Most ledgers are about this size give or take under 10B,real_email_for_shareholder_communication@gmx.com,4/18/1978,230 Georgia Tech Sta,457 Ferst Dr,Atlanta,GA,30439,USA,4/17/2000,,,,
1428571.429,0.000142857,Institution 88,real_email_for_shareholder_communication@gmx.com,4/19/1978,231 Georgia Tech Sta,458 Ferst Dr,Atlanta,GA,30440,USA,4/18/2000,,,,
1315617.381,0.000131562,Institution 89,real_email_for_shareholder_communication@gmx.com,4/20/1978,232 Georgia Tech Sta,459 Ferst Dr,Atlanta,GA,30441,USA,4/19/2000,,,,
1305000.024,0.0001305,Institution 90,real_email_for_shareholder_communication@gmx.com,4/21/1978,233 Georgia Tech Sta,460 Ferst Dr,Atlanta,GA,30442,USA,4/20/2000,,,,
1265822.785,0.000126582,Institution 91,real_email_for_shareholder_communication@gmx.com,4/22/1978,234 Georgia Tech Sta,461 Ferst Dr,Atlanta,GA,30443,USA,4/21/2000,,,,
1176470.588,0.000117647,Institution 92,real_email_for_shareholder_communication@gmx.com,4/23/1978,235 Georgia Tech Sta,462 Ferst Dr,Atlanta,GA,30444,USA,4/22/2000,,,,
1143203.346,0.00011432,Institution 93,real_email_for_shareholder_communication@gmx.com,4/24/1978,236 Georgia Tech Sta,463 Ferst Dr,Atlanta,GA,30445,USA,4/23/2000,,,,
137613.8098,1.38E-05,Institution 94,real_email_for_shareholder_communication@gmx.com,4/25/1978,237 Georgia Tech Sta,464 Ferst Dr,Atlanta,GA,30446,USA,4/24/2000,,,,
1136283.342,0.000113628,Institution 95,real_email_for_shareholder_communication@gmx.com,4/26/1978,238 Georgia Tech Sta,465 Ferst Dr,Atlanta,GA,30447,USA,4/25/2000,,,,
1126668.077,0.000112667,Institution 96,real_email_for_shareholder_communication@gmx.com,4/27/1978,239 Georgia Tech Sta,466 Ferst Dr,Atlanta,GA,30448,USA,4/26/2000,,,,
1126666.667,0.000112667,Institution 97,real_email_for_shareholder_communication@gmx.com,4/28/1978,240 Georgia Tech Sta,467 Ferst Dr,Atlanta,GA,30449,USA,4/27/2000,,,,
1107070.758,0.000110707,Institution 98,real_email_for_shareholder_communication@gmx.com,4/29/1978,241 Georgia Tech Sta,468 Ferst Dr,Atlanta,GA,30450,USA,4/28/2000,,,,
0.0137008,1.37E-12,Institution 99,real_email_for_shareholder_communication@gmx.com,4/30/1978,242 Georgia Tech Sta,469 Ferst Dr,Atlanta,GA,30451,USA,4/29/2000,,,,
1073247.213,0.000107325,Institution 100,real_email_for_shareholder_communication@gmx.com,5/1/1978,243 Georgia Tech Sta,470 Ferst Dr,Atlanta,GA,30452,USA,4/30/2000,,,,
1052631.579,0.000105263,Institution 101,real_email_for_shareholder_communication@gmx.com,5/2/1978,244 Georgia Tech Sta,471 Ferst Dr,Atlanta,GA,30453,USA,5/1/2000,,,,
1051587.302,0.000105159,Institution 102,real_email_for_shareholder_communication@gmx.com,5/3/1978,245 Georgia Tech Sta,472 Ferst Dr,Atlanta,GA,30454,USA,5/2/2000,,,,
1025641.026,0.000102564,Institution 103,real_email_for_shareholder_communication@gmx.com,5/4/1978,246 Georgia Tech Sta,473 Ferst Dr,Atlanta,GA,30455,USA,5/3/2000,,,,
1024514.811,0.000102451,Institution 104,real_email_for_shareholder_communication@gmx.com,5/5/1978,247 Georgia Tech Sta,474 Ferst Dr,Atlanta,GA,30456,USA,5/4/2000,,,,
1007594.937,0.000100759,Institution 105,real_email_for_shareholder_communication@gmx.com,5/6/1978,248 Georgia Tech Sta,475 Ferst Dr,Atlanta,GA,30457,USA,5/5/2000,,,,
70000.75827,7.00E-06,Institution 106,real_email_for_shareholder_communication@gmx.com,5/7/1978,249 Georgia Tech Sta,476 Ferst Dr,Atlanta,GA,30458,USA,5/6/2000,,,,
1014784.896,0.000101478,Institution 107,real_email_for_shareholder_communication@gmx.com,5/8/1978,250 Georgia Tech Sta,477 Ferst Dr,Atlanta,GA,30459,USA,5/7/2000,,,,
1000000.003,1.00E-04,Institution 108,real_email_for_shareholder_communication@gmx.com,5/9/1978,251 Georgia Tech Sta,478 Ferst Dr,Atlanta,GA,30460,USA,5/8/2000,,,,
1000000,1.00E-04,Institution 109,real_email_for_shareholder_communication@gmx.com,5/10/1978,252 Georgia Tech Sta,479 Ferst Dr,Atlanta,GA,30461,USA,5/9/2000,,,,
1000000,1.00E-04,Institution 110,real_email_for_shareholder_communication@gmx.com,5/11/1978,253 Georgia Tech Sta,480 Ferst Dr,Atlanta,GA,30462,USA,5/10/2000,,,,
1000000,1.00E-04,Institution 111,real_email_for_shareholder_communication@gmx.com,5/12/1978,254 Georgia Tech Sta,481 Ferst Dr,Atlanta,GA,30463,USA,5/11/2000,,,,
1000000,1.00E-04,Institution 112,real_email_for_shareholder_communication@gmx.com,5/13/1978,255 Georgia Tech Sta,482 Ferst Dr,Atlanta,GA,30464,USA,5/12/2000,,,,
1000000,1.00E-04,Institution 113,real_email_for_shareholder_communication@gmx.com,5/14/1978,256 Georgia Tech Sta,483 Ferst Dr,Atlanta,GA,30465,USA,5/13/2000,,,,
1000000,1.00E-04,Institution 114,real_email_for_shareholder_communication@gmx.com,5/15/1978,257 Georgia Tech Sta,484 Ferst Dr,Atlanta,GA,30466,USA,5/14/2000,,,,
11000000,0.001099999,Institution 115,real_email_for_shareholder_communication@gmx.com,5/16/1978,258 Georgia Tech Sta,485 Ferst Dr,Atlanta,GA,30467,USA,5/15/2000,,,,
1000000,1.00E-04,Institution 116,real_email_for_shareholder_communication@gmx.com,5/17/1978,259 Georgia Tech Sta,486 Ferst Dr,Atlanta,GA,30468,USA,5/16/2000,,,,
1000000,1.00E-04,Institution 117,real_email_for_shareholder_communication@gmx.com,5/18/1978,260 Georgia Tech Sta,487 Ferst Dr,Atlanta,GA,30469,USA,5/17/2000,,,,
996893.4444,9.97E-05,Institution 118,real_email_for_shareholder_communication@gmx.com,5/19/1978,261 Georgia Tech Sta,488 Ferst Dr,Atlanta,GA,30470,USA,5/18/2000,,,,
923072.8947,9.23E-05,Institution 119,real_email_for_shareholder_communication@gmx.com,5/20/1978,262 Georgia Tech Sta,489 Ferst Dr,Atlanta,GA,30471,USA,5/19/2000,,,,
902440.9741,9.02E-05,Institution 120,real_email_for_shareholder_communication@gmx.com,5/21/1978,263 Georgia Tech Sta,490 Ferst Dr,Atlanta,GA,30472,USA,5/20/2000,,,,
2014524.169,0.000201452,Institution 121,real_email_for_shareholder_communication@gmx.com,5/22/1978,264 Georgia Tech Sta,491 Ferst Dr,Atlanta,GA,30473,USA,5/21/2000,,,,
797872.3351,7.98E-05,Institution 122,real_email_for_shareholder_communication@gmx.com,5/23/1978,265 Georgia Tech Sta,492 Ferst Dr,Atlanta,GA,30474,USA,5/22/2000,,,,
791237.1604,7.91E-05,Institution 123,real_email_for_shareholder_communication@gmx.com,5/24/1978,266 Georgia Tech Sta,493 Ferst Dr,Atlanta,GA,30475,USA,5/23/2000,,,,
752759.8896,7.53E-05,Institution 124,real_email_for_shareholder_communication@gmx.com,5/25/1978,267 Georgia Tech Sta,494 Ferst Dr,Atlanta,GA,30476,USA,5/24/2000,,,,
750000,7.50E-05,Institution 125,real_email_for_shareholder_communication@gmx.com,5/26/1978,268 Georgia Tech Sta,495 Ferst Dr,Atlanta,GA,30477,USA,5/25/2000,,,,
740740.7407,7.41E-05,Institution 126,real_email_for_shareholder_communication@gmx.com,5/27/1978,269 Georgia Tech Sta,496 Ferst Dr,Atlanta,GA,30478,USA,5/26/2000,,,,
614285.7143,6.14E-05,Institution 127,real_email_for_shareholder_communication@gmx.com,5/28/1978,270 Georgia Tech Sta,497 Ferst Dr,Atlanta,GA,30479,USA,5/27/2000,,,,
700000,7.00E-05,Institution 128,real_email_for_shareholder_communication@gmx.com,5/29/1978,271 Georgia Tech Sta,498 Ferst Dr,Atlanta,GA,30480,USA,5/28/2000,,,,
684931.5068,6.85E-05,Institution 129,real_email_for_shareholder_communication@gmx.com,5/30/1978,272 Georgia Tech Sta,499 Ferst Dr,Atlanta,GA,30481,USA,5/29/2000,,,,
671834.6253,6.72E-05,Institution 130,real_email_for_shareholder_communication@gmx.com,5/31/1978,273 Georgia Tech Sta,500 Ferst Dr,Atlanta,GA,30482,USA,5/30/2000,,,,
632911.3924,6.33E-05,Institution 131,real_email_for_shareholder_communication@gmx.com,6/1/1978,274 Georgia Tech Sta,501 Ferst Dr,Atlanta,GA,30483,USA,5/31/2000,,,,
629100.5291,6.29E-05,Institution 132,real_email_for_shareholder_communication@gmx.com,6/2/1978,275 Georgia Tech Sta,502 Ferst Dr,Atlanta,GA,30484,USA,6/1/2000,,,,
606500,6.06E-05,Institution 133,real_email_for_shareholder_communication@gmx.com,6/3/1978,276 Georgia Tech Sta,503 Ferst Dr,Atlanta,GA,30485,USA,6/2/2000,,,,
601000,6.01E-05,Institution 134,real_email_for_shareholder_communication@gmx.com,6/4/1978,277 Georgia Tech Sta,504 Ferst Dr,Atlanta,GA,30486,USA,6/3/2000,,,,
596710.1795,5.97E-05,Institution 135,real_email_for_shareholder_communication@gmx.com,6/5/1978,278 Georgia Tech Sta,505 Ferst Dr,Atlanta,GA,30487,USA,6/4/2000,,,,
558659.2179,5.59E-05,Institution 136,real_email_for_shareholder_communication@gmx.com,6/6/1978,279 Georgia Tech Sta,506 Ferst Dr,Atlanta,GA,30488,USA,6/5/2000,,,,
555555.5556,5.56E-05,Institution 137,real_email_for_shareholder_communication@gmx.com,6/7/1978,280 Georgia Tech Sta,507 Ferst Dr,Atlanta,GA,30489,USA,6/6/2000,,,,
531934.9189,5.32E-05,Institution 138,real_email_for_shareholder_communication@gmx.com,6/8/1978,281 Georgia Tech Sta,508 Ferst Dr,Atlanta,GA,30490,USA,6/7/2000,,,,
525562.9067,5.26E-05,Institution 139,real_email_for_shareholder_communication@gmx.com,6/9/1978,282 Georgia Tech Sta,509 Ferst Dr,Atlanta,GA,30491,USA,6/8/2000,,,,
507614.2132,5.08E-05,Institution 140,real_email_for_shareholder_communication@gmx.com,6/10/1978,283 Georgia Tech Sta,510 Ferst Dr,Atlanta,GA,30492,USA,6/9/2000,,,,
500000.0004,5.00E-05,Institution 141,real_email_for_shareholder_communication@gmx.com,6/11/1978,284 Georgia Tech Sta,511 Ferst Dr,Atlanta,GA,30493,USA,6/10/2000,,,,
500000,5.00E-05,Institution 142,real_email_for_shareholder_communication@gmx.com,6/12/1978,285 Georgia Tech Sta,512 Ferst Dr,Atlanta,GA,30494,USA,6/11/2000,,,,
500000,5.00E-05,Institution 143,real_email_for_shareholder_communication@gmx.com,6/13/1978,286 Georgia Tech Sta,513 Ferst Dr,Atlanta,GA,30495,USA,6/12/2000,,,,
499978.0038,5.00E-05,Institution 144,real_email_for_shareholder_communication@gmx.com,6/14/1978,287 Georgia Tech Sta,514 Ferst Dr,Atlanta,GA,30496,USA,6/13/2000,,,,
498452.0124,4.98E-05,Institution 145,real_email_for_shareholder_communication@gmx.com,6/15/1978,288 Georgia Tech Sta,515 Ferst Dr,Atlanta,GA,30497,USA,6/14/2000,,,,
477042.3375,4.77E-05,Institution 146,real_email_for_shareholder_communication@gmx.com,6/16/1978,289 Georgia Tech Sta,516 Ferst Dr,Atlanta,GA,30498,USA,6/15/2000,,,,
454545.4545,4.55E-05,Institution 147,real_email_for_shareholder_communication@gmx.com,6/17/1978,290 Georgia Tech Sta,517 Ferst Dr,Atlanta,GA,30499,USA,6/16/2000,,,,
450000,4.50E-05,Institution 148,real_email_for_shareholder_communication@gmx.com,6/18/1978,291 Georgia Tech Sta,518 Ferst Dr,Atlanta,GA,30500,USA,6/17/2000,,,,
444444.4222,4.44E-05,Institution 149,real_email_for_shareholder_communication@gmx.com,6/19/1978,292 Georgia Tech Sta,519 Ferst Dr,Atlanta,GA,30501,USA,6/18/2000,,,,
393431.8421,3.93E-05,Institution 150,real_email_for_shareholder_communication@gmx.com,6/20/1978,293 Georgia Tech Sta,520 Ferst Dr,Atlanta,GA,30502,USA,6/19/2000,,,,
379746.8354,3.80E-05,Institution 151,real_email_for_shareholder_communication@gmx.com,6/21/1978,294 Georgia Tech Sta,521 Ferst Dr,Atlanta,GA,30503,USA,6/20/2000,,,,
375000,3.75E-05,Institution 152,real_email_for_shareholder_communication@gmx.com,6/22/1978,295 Georgia Tech Sta,522 Ferst Dr,Atlanta,GA,30504,USA,6/21/2000,,,,
373125,3.73E-05,Institution 153,real_email_for_shareholder_communication@gmx.com,6/23/1978,296 Georgia Tech Sta,523 Ferst Dr,Atlanta,GA,30505,USA,6/22/2000,,,,
322901.8492,3.23E-05,Institution 154,real_email_for_shareholder_communication@gmx.com,6/24/1978,297 Georgia Tech Sta,524 Ferst Dr,Atlanta,GA,30506,USA,6/23/2000,,,,
321425.8571,3.21E-05,Institution 155,real_email_for_shareholder_communication@gmx.com,6/25/1978,298 Georgia Tech Sta,525 Ferst Dr,Atlanta,GA,30507,USA,6/24/2000,,,,
300000,3.00E-05,Institution 156,real_email_for_shareholder_communication@gmx.com,6/26/1978,299 Georgia Tech Sta,526 Ferst Dr,Atlanta,GA,30508,USA,6/25/2000,,,,
285714.2857,2.86E-05,Institution 157,real_email_for_shareholder_communication@gmx.com,6/27/1978,300 Georgia Tech Sta,527 Ferst Dr,Atlanta,GA,30509,USA,6/26/2000,,,,
277777.7778,2.78E-05,Institution 158,real_email_for_shareholder_communication@gmx.com,6/28/1978,301 Georgia Tech Sta,528 Ferst Dr,Atlanta,GA,30510,USA,6/27/2000,,,,
270270.2703,2.70E-05,Institution 159,real_email_for_shareholder_communication@gmx.com,6/29/1978,302 Georgia Tech Sta,529 Ferst Dr,Atlanta,GA,30511,USA,6/28/2000,,,,
265957.4468,2.66E-05,Institution 160,real_email_for_shareholder_communication@gmx.com,6/30/1978,303 Georgia Tech Sta,530 Ferst Dr,Atlanta,GA,30512,USA,6/29/2000,,,,
0.3947368,3.95E-11,Institution 161,real_email_for_shareholder_communication@gmx.com,7/1/1978,304 Georgia Tech Sta,531 Ferst Dr,Atlanta,GA,30513,USA,6/30/2000,,,,
230000,2.30E-05,Institution 162,real_email_for_shareholder_communication@gmx.com,7/2/1978,305 Georgia Tech Sta,532 Ferst Dr,Atlanta,GA,30514,USA,7/1/2000,,,,
192307.6923,1.92E-05,Institution 163,real_email_for_shareholder_communication@gmx.com,7/3/1978,306 Georgia Tech Sta,533 Ferst Dr,Atlanta,GA,30515,USA,7/2/2000,,,,
183924.1839,1.84E-05,Institution 164,real_email_for_shareholder_communication@gmx.com,7/4/1978,307 Georgia Tech Sta,534 Ferst Dr,Atlanta,GA,30516,USA,7/3/2000,,,,
841080.3335,8.41E-05,Institution 165,real_email_for_shareholder_communication@gmx.com,7/5/1978,308 Georgia Tech Sta,535 Ferst Dr,Atlanta,GA,30517,USA,7/4/2000,,,,
169491.5254,1.69E-05,Institution 166,real_email_for_shareholder_communication@gmx.com,7/6/1978,309 Georgia Tech Sta,536 Ferst Dr,Atlanta,GA,30518,USA,7/5/2000,,,,
162105.2632,1.62E-05,Institution 167,real_email_for_shareholder_communication@gmx.com,7/7/1978,310 Georgia Tech Sta,537 Ferst Dr,Atlanta,GA,30519,USA,7/6/2000,,,,
150000,1.50E-05,Institution 168,real_email_for_shareholder_communication@gmx.com,7/8/1978,311 Georgia Tech Sta,538 Ferst Dr,Atlanta,GA,30520,USA,7/7/2000,,,,
131578.9474,1.32E-05,Institution 169,real_email_for_shareholder_communication@gmx.com,7/9/1978,312 Georgia Tech Sta,539 Ferst Dr,Atlanta,GA,30521,USA,7/8/2000,,,,
128205.1282,1.28E-05,Institution 170,real_email_for_shareholder_communication@gmx.com,7/10/1978,313 Georgia Tech Sta,540 Ferst Dr,Atlanta,GA,30522,USA,7/9/2000,,,,
123456,1.23E-05,Institution 171,real_email_for_shareholder_communication@gmx.com,7/11/1978,314 Georgia Tech Sta,541 Ferst Dr,Atlanta,GA,30523,USA,7/10/2000,,,,
116279.0698,1.16E-05,Institution 172,real_email_for_shareholder_communication@gmx.com,7/12/1978,315 Georgia Tech Sta,542 Ferst Dr,Atlanta,GA,30524,USA,7/11/2000,,,,
112359.5506,1.12E-05,Institution 173,real_email_for_shareholder_communication@gmx.com,7/13/1978,316 Georgia Tech Sta,543 Ferst Dr,Atlanta,GA,30525,USA,7/12/2000,,,,
112359.5506,1.12E-05,Institution 174,real_email_for_shareholder_communication@gmx.com,7/14/1978,317 Georgia Tech Sta,544 Ferst Dr,Atlanta,GA,30526,USA,7/13/2000,,,,
111111.1111,1.11E-05,Institution 175,real_email_for_shareholder_communication@gmx.com,7/15/1978,318 Georgia Tech Sta,545 Ferst Dr,Atlanta,GA,30527,USA,7/14/2000,,,,
105299.95,1.05E-05,Institution 176,real_email_for_shareholder_communication@gmx.com,7/16/1978,319 Georgia Tech Sta,546 Ferst Dr,Atlanta,GA,30528,USA,7/15/2000,,,,
101010.101,1.01E-05,Institution 177,real_email_for_shareholder_communication@gmx.com,7/17/1978,320 Georgia Tech Sta,547 Ferst Dr,Atlanta,GA,30529,USA,7/16/2000,,,,
100000.6617,1.00E-05,Institution 178,real_email_for_shareholder_communication@gmx.com,7/18/1978,321 Georgia Tech Sta,548 Ferst Dr,Atlanta,GA,30530,USA,7/17/2000,,,,
100000.0019,1.00E-05,Institution 179,real_email_for_shareholder_communication@gmx.com,7/19/1978,322 Georgia Tech Sta,549 Ferst Dr,Atlanta,GA,30531,USA,7/18/2000,,,,
100000,1.00E-05,Institution 180,real_email_for_shareholder_communication@gmx.com,7/20/1978,323 Georgia Tech Sta,550 Ferst Dr,Atlanta,GA,30532,USA,7/19/2000,,,,
100000,1.00E-05,Institution 181,real_email_for_shareholder_communication@gmx.com,7/21/1978,324 Georgia Tech Sta,551 Ferst Dr,Atlanta,GA,30533,USA,7/20/2000,,,,
100000,1.00E-05,Institution 182,real_email_for_shareholder_communication@gmx.com,7/22/1978,325 Georgia Tech Sta,552 Ferst Dr,Atlanta,GA,30534,USA,7/21/2000,,,,
100000,1.00E-05,Institution 183,real_email_for_shareholder_communication@gmx.com,7/23/1978,326 Georgia Tech Sta,553 Ferst Dr,Atlanta,GA,30535,USA,7/22/2000,,,,
100000,1.00E-05,Institution 185,real_email_for_shareholder_communication@gmx.com,7/25/1978,328 Georgia Tech Sta,555 Ferst Dr,Atlanta,GA,30537,USA,7/24/2000,,,,
90000,9.00E-06,Institution 186,real_email_for_shareholder_communication@gmx.com,7/26/1978,329 Georgia Tech Sta,556 Ferst Dr,Atlanta,GA,30538,USA,7/25/2000,,,,
80000,8.00E-06,Institution 187,real_email_for_shareholder_communication@gmx.com,7/27/1978,330 Georgia Tech Sta,557 Ferst Dr,Atlanta,GA,30539,USA,7/26/2000,,,,
73333.33333,7.33E-06,Institution 188,real_email_for_shareholder_communication@gmx.com,7/28/1978,331 Georgia Tech Sta,558 Ferst Dr,Atlanta,GA,30540,USA,7/27/2000,,,,
64102.5641,6.41E-06,Institution 189,real_email_for_shareholder_communication@gmx.com,7/29/1978,332 Georgia Tech Sta,559 Ferst Dr,Atlanta,GA,30541,USA,7/28/2000,,,,
0.0268116,2.68E-12,Institution 190,real_email_for_shareholder_communication@gmx.com,7/30/1978,333 Georgia Tech Sta,560 Ferst Dr,Atlanta,GA,30542,USA,7/29/2000,,,,
50000,5.00E-06,Institution 192,real_email_for_shareholder_communication@gmx.com,8/1/1978,335 Georgia Tech Sta,562 Ferst Dr,Atlanta,GA,30544,USA,7/31/2000,,,,
150000,1.50E-05,Institution 193,real_email_for_shareholder_communication@gmx.com,8/2/1978,336 Georgia Tech Sta,563 Ferst Dr,Atlanta,GA,30545,USA,8/1/2000,,,,
30000,3.00E-06,Institution 194,real_email_for_shareholder_communication@gmx.com,8/3/1978,337 Georgia Tech Sta,564 Ferst Dr,Atlanta,GA,30546,USA,8/2/2000,,,,
10000,1.00E-06,Institution 195,real_email_for_shareholder_communication@gmx.com,8/4/1978,338 Georgia Tech Sta,565 Ferst Dr,Atlanta,GA,30547,USA,8/3/2000,,,,
5500,5.50E-07,Institution 196,real_email_for_shareholder_communication@gmx.com,8/5/1978,339 Georgia Tech Sta,566 Ferst Dr,Atlanta,GA,30548,USA,8/4/2000,,,,
2500,2.50E-07,Institution 197,real_email_for_shareholder_communication@gmx.com,8/6/1978,340 Georgia Tech Sta,567 Ferst Dr,Atlanta,GA,30549,USA,8/5/2000,,,,
1000,1.00E-07,Institution 198,real_email_for_shareholder_communication@gmx.com,8/7/1978,341 Georgia Tech Sta,568 Ferst Dr,Atlanta,GA,30550,USA,8/6/2000,,,,
882.8857142,8.83E-08,Institution 199,real_email_for_shareholder_communication@gmx.com,8/8/1978,342 Georgia Tech Sta,569 Ferst Dr,Atlanta,GA,30551,USA,8/7/2000,,,,
300,3.00E-08,Institution 200,real_email_for_shareholder_communication@gmx.com,8/9/1978,343 Georgia Tech Sta,570 Ferst Dr,Atlanta,GA,30552,USA,8/8/2000,,,,
50,5.00E-09,Institution 201,real_email_for_shareholder_communication@gmx.com,8/10/1978,344 Georgia Tech Sta,571 Ferst Dr,Atlanta,GA,30553,USA,8/9/2000,,,,
30.3030303,3.03E-09,Institution 202,real_email_for_shareholder_communication@gmx.com,8/11/1978,345 Georgia Tech Sta,572 Ferst Dr,Atlanta,GA,30554,USA,8/10/2000,,,,
25,2.50E-09,Institution 203,real_email_for_shareholder_communication@gmx.com,8/12/1978,346 Georgia Tech Sta,573 Ferst Dr,Atlanta,GA,30555,USA,8/11/2000,,,,
6.6779787,6.68E-10,Institution 204,real_email_for_shareholder_communication@gmx.com,8/13/1978,347 Georgia Tech Sta,574 Ferst Dr,Atlanta,GA,30556,USA,8/12/2000,,,,
0.9372306,9.37E-11,Institution 205,real_email_for_shareholder_communication@gmx.com,8/14/1978,348 Georgia Tech Sta,575 Ferst Dr,Atlanta,GA,30557,USA,8/13/2000,,,,
0.6118143,6.12E-11,Institution 206,real_email_for_shareholder_communication@gmx.com,8/15/1978,349 Georgia Tech Sta,576 Ferst Dr,Atlanta,GA,30558,USA,8/14/2000,,,,
0.2543124,2.54E-11,Institution 207,real_email_for_shareholder_communication@gmx.com,8/16/1978,350 Georgia Tech Sta,577 Ferst Dr,Atlanta,GA,30559,USA,8/15/2000,,,,
0.197692,1.98E-11,Institution 208,real_email_for_shareholder_communication@gmx.com,8/17/1978,351 Georgia Tech Sta,578 Ferst Dr,Atlanta,GA,30560,USA,8/16/2000,,,,
0.0416931,4.17E-12,Institution 209,real_email_for_shareholder_communication@gmx.com,8/18/1978,352 Georgia Tech Sta,579 Ferst Dr,Atlanta,GA,30561,USA,8/17/2000,,,,
0.026316,2.63E-12,Institution 210,real_email_for_shareholder_communication@gmx.com,8/19/1978,353 Georgia Tech Sta,580 Ferst Dr,Atlanta,GA,30562,USA,8/18/2000,,,,
0.0245378,2.45E-12,Institution 211,real_email_for_shareholder_communication@gmx.com,8/20/1978,354 Georgia Tech Sta,581 Ferst Dr,Atlanta,GA,30563,USA,8/19/2000,,,,
0.0212939,2.13E-12,Institution 212,real_email_for_shareholder_communication@gmx.com,8/21/1978,355 Georgia Tech Sta,582 Ferst Dr,Atlanta,GA,30564,USA,8/20/2000,,,,
0.0104288,1.04E-12,CEO,real_email_for_shareholder_communication@gmx.com,8/22/1978,356 Georgia Tech Sta,583 Ferst Dr,Atlanta,GA,30565,USA,8/21/2000,,,,
0.0085176,8.52E-13,CFO,real_email_for_shareholder_communication@gmx.com,8/23/1978,357 Georgia Tech Sta,584 Ferst Dr,Atlanta,GA,30566,USA,8/22/2000,,,,
0.0081461,8.15E-13,CIO,real_email_for_shareholder_communication@gmx.com,8/24/1978,358 Georgia Tech Sta,585 Ferst Dr,Atlanta,GA,30567,USA,8/23/2000,,,,
0.0076744,7.67E-13,CISO ,real_email_for_shareholder_communication@gmx.com,8/25/1978,359 Georgia Tech Sta,586 Ferst Dr,Atlanta,GA,30568,USA,8/24/2000,,,,
0.0048231,4.82E-13,Big Manager 1,real_email_for_shareholder_communication@gmx.com,8/26/1978,360 Georgia Tech Sta,587 Ferst Dr,Atlanta,GA,30569,USA,8/25/2000,,,,
0.0032678,3.27E-13,Big Manager 2,real_email_for_shareholder_communication@gmx.com,8/27/1978,361 Georgia Tech Sta,588 Ferst Dr,Atlanta,GA,30570,USA,8/26/2000,,,,
0.0011765,1.18E-13,Big Manager 4,real_email_for_shareholder_communication@gmx.com,8/29/1978,363 Georgia Tech Sta,590 Ferst Dr,Atlanta,GA,30572,USA,8/28/2000,,,,
0.0008553,8.55E-14,Big Manager 5,real_email_for_shareholder_communication@gmx.com,8/30/1978,364 Georgia Tech Sta,591 Ferst Dr,Atlanta,GA,30573,USA,8/29/2000,,,,
2.16E-05,2.16E-15,Big Manager 7,real_email_for_shareholder_communication@gmx.com,9/1/1978,366 Georgia Tech Sta,593 Ferst Dr,Atlanta,GA,30575,USA,8/31/2000,,,,
