Blockchain Address,Number of Shares Not Yet Claimed on Blockchain,Registration,Email,Date of Birth / Organization,Address,Address Extra,City,State,Postal Code,Country,Onboarded Date,Issue Date of Security,Cancellation Date of Security,"Dividends ('n/a', 'Reinvested: auto', 'Reinvested: manual', 'Cash: direct deposit', 'Cash: virtual card', 'notOnboard/unresponsive')",Restricted Shares Notes
,2000,Mark Mayers,real_email_for_shareholder_communication@gmx.com,9/3/1978,368 Georgia Tech Sta,595 Ferst Dr,Atlanta,GA,30577,USA,9/2/2000,1/1/2018,,,RESTRICTED MARK: Vested until 2022
,2000,Mark Mayers,real_email_for_shareholder_communication@gmx.com,9/4/1978,369 Georgia Tech Sta,596 Ferst Dr,Atlanta,GA,30578,USA,9/3/2000,1/2/2018,,,RESTRICTED MARK: Vested until 2023
,2000,Mark Mayers,real_email_for_shareholder_communication@gmx.com,9/5/1978,370 Georgia Tech Sta,597 Ferst Dr,Atlanta,GA,30579,USA,9/4/2000,1/3/2018,,,RESTRICTED MARK: Vested until 2024
,2000,Mark Mayers,real_email_for_shareholder_communication@gmx.com,9/6/1978,371 Georgia Tech Sta,598 Ferst Dr,Atlanta,GA,30580,USA,9/5/2000,1/4/2018,,,RESTRICTED MARK: Vested until 2025
,2000,Mark Mayers,real_email_for_shareholder_communication@gmx.com,9/7/1978,372 Georgia Tech Sta,599 Ferst Dr,Atlanta,GA,30581,USA,9/6/2000,1/5/2018,,,RESTRICTED MARK: Vested until 2026
GBT5KYTYHTUORGZETT4ELIJND2ANSKNNML4ZJ3DU2N6MQPI72G5BND5Y,,Cede & Co.,real_email_for_shareholder_communication@gmx.com,1/1/1978,123 Georgia Tech Sta,350 Ferst Dr,Atlanta,GA,30332,USA,1/1/2000,,,,
GBUJ7ZFNCRAS5UXM4YNC4LZ5ESYIRVFQLB5BAB5FEW5AWCYU3Y7D3C2R,,Hillhouse Capital Advisors Ltd.,real_email_for_shareholder_communication@gmx.com,1/2/1978,124 Georgia Tech Sta,351 Ferst Dr,Atlanta,GA,30333,USA,1/2/2000,,,,
GDKN6G6VPRKJ7VJ64TI2K237RUPBKCJTYXPNZKG2RY3BZMMJX5ZMCIA4,,Morgan Stanley,real_email_for_shareholder_communication@gmx.com,1/3/1978,125 Georgia Tech Sta,352 Ferst Dr,Atlanta,GA,30334,USA,1/3/2000,,,,
GDPJE3OTMDBNAKG6N2JNM5BS3U3JTWSVVGDTJETODHJH7KX3SD2LPOTG,,Credit Suisse Ag,real_email_for_shareholder_communication@gmx.com,1/4/1978,126 Georgia Tech Sta,353 Ferst Dr,Atlanta,GA,30335,USA,1/4/2000,,,,
GDOTPCEAEUTWRPIX5ZDIWFAHMJDTPAFT2I5COF2SIAEZ7EVSHG55Y7IA,,"Goldman Sachs Group, Inc.",real_email_for_shareholder_communication@gmx.com,1/5/1978,127 Georgia Tech Sta,354 Ferst Dr,Atlanta,GA,30336,USA,1/5/2000,,,,
GAIAD7Q3B4QL6FEZJGXDBLT3XN256QEZGWEFQL3HVX3UF6TKN44LBXXT,,UBS Group AG,real_email_for_shareholder_communication@gmx.com,1/6/1978,128 Georgia Tech Sta,355 Ferst Dr,Atlanta,GA,30337,USA,1/6/2000,,,,
GBZBBXQ2XKNR5X3PNOALLLSH5Y5U46EX4GRTTMQO6ZJVFBZLSWVMPHSR,,Nomura Holdings Inc.,real_email_for_shareholder_communication@gmx.com,1/7/1978,129 Georgia Tech Sta,356 Ferst Dr,Atlanta,GA,30338,USA,1/7/2000,,,,
GBH2JOL2OFN7HFEF6HYIL5Z6IXVBMUAM2U5PTIKVGX7UBKOMAE3T3D7P,,Blackrock Inc.,real_email_for_shareholder_communication@gmx.com,1/8/1978,130 Georgia Tech Sta,357 Ferst Dr,Atlanta,GA,30339,USA,1/8/2000,,,,
GBLUTPRUTI73G5E2M4GXN5IGTPREO3X2PPX6UFWJMZEUHBIFMD2DMXVN,,"Vanguard Group, Inc. (The)",real_email_for_shareholder_communication@gmx.com,1/9/1978,131 Georgia Tech Sta,358 Ferst Dr,Atlanta,GA,30340,USA,1/9/2000,,,,
GAMBOW3VCSZNSERW3SFUR3LADVKNIQK3HZAWJEGIACMITXJTWGRZIM2B,,Canada Pension Plan Investment Board,real_email_for_shareholder_communication@gmx.com,1/10/1978,132 Georgia Tech Sta,359 Ferst Dr,Atlanta,GA,30341,USA,1/10/2000,,,,
GDH6H7NKI4Z572SELNK65RABNQCJCIZE4TWFTUUCV5CDET4C62BHLU5C,,Bank of America Corporation,real_email_for_shareholder_communication@gmx.com,1/11/1978,133 Georgia Tech Sta,360 Ferst Dr,Atlanta,GA,30342,USA,1/11/2000,,,,
GALHMY7IIWNDDJQYH5SZ2GEKFGKYLBY3GRRNIKITGECOAEE2ZZ2Y7LNG,,Vanguard International Stock Index-Total Intl Stock Indx,real_email_for_shareholder_communication@gmx.com,1/12/1978,134 Georgia Tech Sta,361 Ferst Dr,Atlanta,GA,30343,USA,1/12/2000,,,,
GD3FPPINEBIVN3DAORXKBI2QA6OCAQWUO7TUONAXUMUG37HGORDJEEV2,,Vanguard International Stock Index-Emerging Markets Stk,real_email_for_shareholder_communication@gmx.com,1/13/1978,135 Georgia Tech Sta,362 Ferst Dr,Atlanta,GA,30344,USA,1/13/2000,,,,
GAK6MDFNACRLGRB3YSJLJ62WRYQ4ONSJ6S6PCXKIEP74BIFU5PGYR5SP,,KraneShares CSI China Internet ETF,real_email_for_shareholder_communication@gmx.com,1/14/1978,136 Georgia Tech Sta,363 Ferst Dr,Atlanta,GA,30345,USA,1/14/2000,,,,
GC3UU5AK5TPHX7DFBYZGDM5XTALTBJEJY2JOYJ5WGKNSYFSQDLQFHT5D,,iShares Core MSCI Emerging Markets ETF,real_email_for_shareholder_communication@gmx.com,1/15/1978,137 Georgia Tech Sta,364 Ferst Dr,Atlanta,GA,30346,USA,1/15/2000,,,,
GBKTIF47XJ3KT2FHJ7E3LSMSDVSSTUHQAM5HLV3NKN2L26TIE4TDCICH,,iShares MSCI Emerging Markets ETF,real_email_for_shareholder_communication@gmx.com,1/16/1978,138 Georgia Tech Sta,365 Ferst Dr,Atlanta,GA,30347,USA,1/16/2000,,,,
GCEKBTMUN6N6OJF3B73VLSGL5X3Z6BGHYIWV4ZW3EDKBCNZEXAODQDVY,,Delaware Group Global & International Funds-Emerging Markets Fd,real_email_for_shareholder_communication@gmx.com,1/17/1978,139 Georgia Tech Sta,366 Ferst Dr,Atlanta,GA,30348,USA,1/17/2000,,,,
GAKAKHV2FNOSUKSWLHSAS6G5EBQV6YKS24LQLBKJZACVEH73BK72QQCS,,iShares MSCI China ETF,real_email_for_shareholder_communication@gmx.com,1/18/1978,140 Georgia Tech Sta,367 Ferst Dr,Atlanta,GA,30349,USA,1/18/2000,,,,
GDWZ363ZRBFNWPY3NIG4GTAHSS6YUZZMDIXJ42GG42T3JJKRCTILSMAQ,,Amplify Online Retail ETF,real_email_for_shareholder_communication@gmx.com,1/19/1978,141 Georgia Tech Sta,368 Ferst Dr,Atlanta,GA,30350,USA,1/19/2000,,,,
GBBT2FUAXSEEHMPQRYNTBYGVBM7CIHE34IBHNXJNSCLVOFZJ4ZRS4BKC,,Vanguard Intl Equity Index Fds-FTSE All World ex U.S. Index Fund,real_email_for_shareholder_communication@gmx.com,1/20/1978,142 Georgia Tech Sta,369 Ferst Dr,Atlanta,GA,30351,USA,1/20/2000,,,,
GCYK756PQQ55EVWDI3QQIXBKM26CWSZQHA3VUV2CMX6SZEQR7TY7VC7I,,Wells Fargo Emerging Markets Equity Fd,real_email_for_shareholder_communication@gmx.com,1/21/1978,143 Georgia Tech Sta,370 Ferst Dr,Atlanta,GA,30352,USA,1/21/2000,,,,
GA2CG56MOKQTRMZ6DWEXIOTE4AZXAO23URNPUYFVGOVFJGEJKWPIZHQA,,Brokerage 1,real_email_for_shareholder_communication@gmx.com,1/22/1978,144 Georgia Tech Sta,371 Ferst Dr,Atlanta,GA,30353,USA,1/22/2000,,,,
GDTD5INMAKQNSIJG46RHOTYK3FSLYZI34ZCC2MLHYZA6DOR5OSCIB35M,,Brokerage 2,real_email_for_shareholder_communication@gmx.com,1/23/1978,145 Georgia Tech Sta,372 Ferst Dr,Atlanta,GA,30354,USA,1/23/2000,,,,
GD2Z7MPNQ7LIAOOAEWK4ZO6GEM2DQBO62FMF72ZKFLISUDRIQP5SVNBL,,Brokerage 3,real_email_for_shareholder_communication@gmx.com,1/24/1978,146 Georgia Tech Sta,373 Ferst Dr,Atlanta,GA,30355,USA,1/24/2000,,,,
GAZM6HD4VNK5URO3DQ7IT6T42SX764GMXLWKGRELLFDXCY7MQUSQ5F6M,,Brokerage 4,real_email_for_shareholder_communication@gmx.com,1/25/1978,147 Georgia Tech Sta,374 Ferst Dr,Atlanta,GA,30356,USA,1/25/2000,,,,
GDWIMRJWGN2NU4KIMNDMHZ6DES7TPDXLKNDRSC3DDUTHMNO5N32UITRC,,Brokerage 5,real_email_for_shareholder_communication@gmx.com,1/26/1978,148 Georgia Tech Sta,375 Ferst Dr,Atlanta,GA,30357,USA,1/26/2000,,,,
GDCT3GTP6N7RRB66Z3BDU2S7QNBTAQWRUR3JSVT2VHRWVKM5LCXZVVLW,,Brokerage 6,real_email_for_shareholder_communication@gmx.com,1/27/1978,149 Georgia Tech Sta,376 Ferst Dr,Atlanta,GA,30358,USA,1/27/2000,,,,
GDVWHOBOMVLHJY6U7OFUSGYW4W5AH3LRDFWFB3CWBELHZUFDDE2RINB3,,HFT 7,real_email_for_shareholder_communication@gmx.com,1/28/1978,150 Georgia Tech Sta,377 Ferst Dr,Atlanta,GA,30359,USA,1/28/2000,,,,
GALBSL3P7P2GKEYY7IYJHDHOMYLR56HI3XYKFZBWQ535HUH54S4NZ4R2,,Hedge Fund 8,real_email_for_shareholder_communication@gmx.com,1/29/1978,151 Georgia Tech Sta,378 Ferst Dr,Atlanta,GA,30360,USA,1/29/2000,,,,
GBQRQ7NGGAMIKICUGXKXIUX7A7STJBMBMBTUSD3BDQSQY4F7QUDC3BUD,,Institution 9,real_email_for_shareholder_communication@gmx.com,1/30/1978,152 Georgia Tech Sta,379 Ferst Dr,Atlanta,GA,30361,USA,1/30/2000,,,,
GCLKVLKDL6A4ADKVJUJJFHUSKMQTCURV5I5H6CS2GEI5MZOCUGGPVJIV,,Institution 10,real_email_for_shareholder_communication@gmx.com,1/31/1978,153 Georgia Tech Sta,380 Ferst Dr,Atlanta,GA,30362,USA,1/31/2000,,,,
GDNJN7Q2WQYKIRLRKDM5ROBOW5O4KGNWJNXCCKECFHR2UXRKIV5QE42F,,Institution 11,real_email_for_shareholder_communication@gmx.com,2/1/1978,154 Georgia Tech Sta,381 Ferst Dr,Atlanta,GA,30363,USA,2/1/2000,,,,
GCJZROPZSWMPRVOF5YSGBFEEFPL4KODLAMLMV3B34FU44HIZVOVHU345,,Institution 12,real_email_for_shareholder_communication@gmx.com,2/2/1978,155 Georgia Tech Sta,382 Ferst Dr,Atlanta,GA,30364,USA,2/2/2000,,,,
GB5EKD7WWALTW6LVU5P63CWEHMUPGGIWCNROH2VF32JX3AEAIWEV6SOE,,Institution 13,real_email_for_shareholder_communication@gmx.com,2/3/1978,156 Georgia Tech Sta,383 Ferst Dr,Atlanta,GA,30365,USA,2/3/2000,,,,
GD4MYT4OE3EPNKMJTYZ2LNZ3S55R7ZW3U67SSVLGOVEGBMPAQ5VXCIWX,,Institution 14,real_email_for_shareholder_communication@gmx.com,2/4/1978,157 Georgia Tech Sta,384 Ferst Dr,Atlanta,GA,30366,USA,2/4/2000,,,,
GCIZUA3KF7E37N7X6WL5L76DWWSOBJUQ7I7DIDHPSWTMEUW7OBO6C37P,,Institution 15,real_email_for_shareholder_communication@gmx.com,2/5/1978,158 Georgia Tech Sta,385 Ferst Dr,Atlanta,GA,30367,USA,2/5/2000,,,,
GBN36HA4AKQDOKZ7BU3UQWWRG4OIB3W6GTKX3R2FWCVDVKGO6SN32QW5,,Institution 16,real_email_for_shareholder_communication@gmx.com,2/6/1978,159 Georgia Tech Sta,386 Ferst Dr,Atlanta,GA,30368,USA,2/6/2000,,,,
GDUDWTCULKBQ2GJMSMJRQBW233TVN5D6LSQC7SVOSVYSWFDTLTOZYL3P,,Institution 17,real_email_for_shareholder_communication@gmx.com,2/7/1978,160 Georgia Tech Sta,387 Ferst Dr,Atlanta,GA,30369,USA,2/7/2000,,,,
GD3LNVR5XMTJC7W6F33UFHFNFD6FLIYPMDV36B6XGFBZK574V7RZYP5U,,Institution 18,real_email_for_shareholder_communication@gmx.com,2/8/1978,161 Georgia Tech Sta,388 Ferst Dr,Atlanta,GA,30370,USA,2/8/2000,,,,
GDP3WSHM6JTCGZ22JZPEWML3TQRJVSYBO24YVS5TM4TGYQBPWY4YCKE6,,Institution 19,real_email_for_shareholder_communication@gmx.com,2/9/1978,162 Georgia Tech Sta,389 Ferst Dr,Atlanta,GA,30371,USA,2/9/2000,,,,
GBS7NXIU6KB32CSH4VOOV6NCJO46HDV46DEX7PX7KUCLPJGVOQGCYVHI,,Institution 20,real_email_for_shareholder_communication@gmx.com,2/10/1978,163 Georgia Tech Sta,390 Ferst Dr,Atlanta,GA,30372,USA,2/10/2000,,,,
GA7LO3QFVQ34HDEBPYRBSMINTWKBM2BC5Y73PXWS2SE56IU2NWLK3PFU,,Institution 21,real_email_for_shareholder_communication@gmx.com,2/11/1978,164 Georgia Tech Sta,391 Ferst Dr,Atlanta,GA,30373,USA,2/11/2000,,,,
GBY6SCTWBEQKZRWLVGFOJ4EKHJBUHAFHALEAFAPSY6ABRTOQK2TBDMHR,,Institution 22,real_email_for_shareholder_communication@gmx.com,2/12/1978,165 Georgia Tech Sta,392 Ferst Dr,Atlanta,GA,30374,USA,2/12/2000,,,,
GA432I5XKKK6CIE5JXSRBXZ3GQJQOIOBZYINMQSQEIGL63W2D6V6TVAO,,Institution 23,real_email_for_shareholder_communication@gmx.com,2/13/1978,166 Georgia Tech Sta,393 Ferst Dr,Atlanta,GA,30375,USA,2/13/2000,,,,
GB4ZAR2Z4Z3NHOPWJGDTLH27WYTZCKGZOQHTCSYR2KLET6FNY3IPJZ34,,Institution 24,real_email_for_shareholder_communication@gmx.com,2/14/1978,167 Georgia Tech Sta,394 Ferst Dr,Atlanta,GA,30376,USA,2/14/2000,,,,
GDM26TOMXAVPTEIVVCC4ZXCEKQ2466BHXECHUTN5K6TVUN5C6MX44COQ,,Institution 25,real_email_for_shareholder_communication@gmx.com,2/15/1978,168 Georgia Tech Sta,395 Ferst Dr,Atlanta,GA,30377,USA,2/15/2000,,,,
GB6MIEWRGEMYBNSBYYRKT4RVZKWNCTET62Q2JLO3RB4362QUAVH4G63A,,Institution 26,real_email_for_shareholder_communication@gmx.com,2/16/1978,169 Georgia Tech Sta,396 Ferst Dr,Atlanta,GA,30378,USA,2/16/2000,,,,
GAMGYGZQGKTEXZUTDOJFQVK4QVBP6BH4YQQ67XJXNBWQOMOCBSEHTSGX,,Institution 27,real_email_for_shareholder_communication@gmx.com,2/17/1978,170 Georgia Tech Sta,397 Ferst Dr,Atlanta,GA,30379,USA,2/17/2000,,,,
GD77YGYHQ4MPL4GLIR66PLYHZHPISTTTNG3VOQSUHSPMSTGDVDUDP4EA,,Institution 28,real_email_for_shareholder_communication@gmx.com,2/18/1978,171 Georgia Tech Sta,398 Ferst Dr,Atlanta,GA,30380,USA,2/18/2000,,,,
GCQJRDWQEXXXUQE2YQSTLPWGBOB26KDTXZEQBXO2BESIWGB6HUFVA47Y,,Institution 29,real_email_for_shareholder_communication@gmx.com,2/19/1978,172 Georgia Tech Sta,399 Ferst Dr,Atlanta,GA,30381,USA,2/19/2000,,,,
GB7TWMIZLQ5RPFYJR2EXZKD42CU4CZVMVMHXFQ3DDBUCNTAV7U4K4ODF,,Institution 30,real_email_for_shareholder_communication@gmx.com,2/20/1978,173 Georgia Tech Sta,400 Ferst Dr,Atlanta,GA,30382,USA,2/20/2000,,,,
GBX5XJARWJYMPPGGBTX6UWNBQPFEHTA3ZNAH6LR6DPWTH2OOTLDH6YOV,,Institution 31,real_email_for_shareholder_communication@gmx.com,2/21/1978,174 Georgia Tech Sta,401 Ferst Dr,Atlanta,GA,30383,USA,2/21/2000,,,,
GBI7TWUOYMJ6XHTXAFEPKBQSDA6M3Y7MN5IG6HYUSU556RIKL7ZFWZ52,,Institution 32,real_email_for_shareholder_communication@gmx.com,2/22/1978,175 Georgia Tech Sta,402 Ferst Dr,Atlanta,GA,30384,USA,2/22/2000,,,,
GCPMROJVRZ3OSM3NOAUT7DAC2Y73FOEJ7XWRVKVWHUITXQBWTUFAGHS2,,Institution 33,real_email_for_shareholder_communication@gmx.com,2/23/1978,176 Georgia Tech Sta,403 Ferst Dr,Atlanta,GA,30385,USA,2/23/2000,,,,
GCP6Q5FXDJCMFHFPLM77T7WJ36P5QH3M72F4JWZHAMDBBK3TTIR3JTYA,,Institution 34,real_email_for_shareholder_communication@gmx.com,2/24/1978,177 Georgia Tech Sta,404 Ferst Dr,Atlanta,GA,30386,USA,2/24/2000,,,,
GAS3HAH2RVLXQPHZWRBTBU6WKN6PIHZYUHILF3SRHPMPR6JBDGCSBC7Y,,Institution 35,real_email_for_shareholder_communication@gmx.com,2/25/1978,178 Georgia Tech Sta,405 Ferst Dr,Atlanta,GA,30387,USA,2/25/2000,,,,
GDGZGE7UZH2WEREP3XSOJGFTVADTHOXSXS3WUQ6VVG62VBIQJKF2HHTA,,Institution 36,real_email_for_shareholder_communication@gmx.com,2/26/1978,179 Georgia Tech Sta,406 Ferst Dr,Atlanta,GA,30388,USA,2/26/2000,,,,
GB7FCCRQ6IEWJ3BIWEU7ZQGARLTNYYBPG73L7HO7PU3JAOKWRE4LWVKR,,Institution 37,real_email_for_shareholder_communication@gmx.com,2/27/1978,180 Georgia Tech Sta,407 Ferst Dr,Atlanta,GA,30389,USA,2/27/2000,,,,
GDUEJFQGYUUSZKNYRNK4B5ROMHTD5I24MQXZR7QQ7QBXE66H4NZVRQ7T,,Institution 38,real_email_for_shareholder_communication@gmx.com,2/28/1978,181 Georgia Tech Sta,408 Ferst Dr,Atlanta,GA,30390,USA,2/28/2000,,,,
GCOZ7XBG4UQBZMJKNK3ES7IG6KYJKMHCULBOW7LPIPLCRLHLXA7NFVLE,,Institution 39,real_email_for_shareholder_communication@gmx.com,3/1/1978,182 Georgia Tech Sta,409 Ferst Dr,Atlanta,GA,30391,USA,2/29/2000,,,,
GCOKWSV6XD7XYGECMWL2EOIGXD5JG5K3S6KEFA7ZL4YHBRZFX42N4XZP,,Institution 40,real_email_for_shareholder_communication@gmx.com,3/2/1978,183 Georgia Tech Sta,410 Ferst Dr,Atlanta,GA,30392,USA,3/1/2000,,,,
GCO2T2F7I76EZ732J23X4V67DT5OD6WMVTX6PT44B5HCEXNWIH3QAUPV,,Institution 41,real_email_for_shareholder_communication@gmx.com,3/3/1978,184 Georgia Tech Sta,411 Ferst Dr,Atlanta,GA,30393,USA,3/2/2000,,,,
GB2Q75L26TF7AX4JUBHHRCGPE6PR3KI5R6TL5YFVQXXCELUELKXS325E,,Institution 42,real_email_for_shareholder_communication@gmx.com,3/4/1978,185 Georgia Tech Sta,412 Ferst Dr,Atlanta,GA,30394,USA,3/3/2000,,,,
GDUXXE3MUVN4PV2RQ6TBXDCCTEP6RC3XPFKDUE2GVP4FM3366DEAFWS5,,Institution 43,real_email_for_shareholder_communication@gmx.com,3/5/1978,186 Georgia Tech Sta,413 Ferst Dr,Atlanta,GA,30395,USA,3/4/2000,,,,
GAYWKDNRODBO4KOBPNLZNME6HZAYQEDRJPLPLN2QHIGQMNCR67XXFGAA,,Institution 44,real_email_for_shareholder_communication@gmx.com,3/6/1978,187 Georgia Tech Sta,414 Ferst Dr,Atlanta,GA,30396,USA,3/5/2000,,,,
GCDXHSOSSNL4YB2A7UKZLFQX7ROGTXENEZ7GZLMJU2FXPL36C2IAU22H,,Institution 45,real_email_for_shareholder_communication@gmx.com,3/7/1978,188 Georgia Tech Sta,415 Ferst Dr,Atlanta,GA,30397,USA,3/6/2000,,,,
GDBB4TBB2X5E6ER6HAOVE4WPPQXIUBEVLWJVU2WHBZRKS56RI67U2KWD,,Institution 46,real_email_for_shareholder_communication@gmx.com,3/8/1978,189 Georgia Tech Sta,416 Ferst Dr,Atlanta,GA,30398,USA,3/7/2000,,,,
GD5ZKETFJI76MGO2KGUJQ5AUSWNO23OM6F5KJSY6L52JO244IGLTVW44,,Institution 47,real_email_for_shareholder_communication@gmx.com,3/9/1978,190 Georgia Tech Sta,417 Ferst Dr,Atlanta,GA,30399,USA,3/8/2000,,,,
GB5ZIZQJAOTTC5NPRYQLP6ZYFOJNNCZOXKSIHPBURIULT4VDBWDMXCHC,,Institution 48,real_email_for_shareholder_communication@gmx.com,3/10/1978,191 Georgia Tech Sta,418 Ferst Dr,Atlanta,GA,30400,USA,3/9/2000,,,,
GBYPY3VDKPYIFA6MZZWX4OYBOICSWGZXCE5ALIENHTJJ3RIY372KBSIE,,Institution 49,real_email_for_shareholder_communication@gmx.com,3/11/1978,192 Georgia Tech Sta,419 Ferst Dr,Atlanta,GA,30401,USA,3/10/2000,,,,
GBHBYLRZQJ5VVXM2D6AC4ITR55Z2DTFW36Q5DGRAVEDQJPOPZHBAAZJF,,Institution 50,real_email_for_shareholder_communication@gmx.com,3/12/1978,193 Georgia Tech Sta,420 Ferst Dr,Atlanta,GA,30402,USA,3/11/2000,,,,
GBDDF7ZD5NRCLUIHOHSRHRRX4YXHKDANSGBPBQJWVT6ZVVITKIUJ27H4,,Institution 51,real_email_for_shareholder_communication@gmx.com,3/13/1978,194 Georgia Tech Sta,421 Ferst Dr,Atlanta,GA,30403,USA,3/12/2000,,,,
GAA752R477CPN2QDHREK2YMLYXFJEYZC4AGJZ75Q5VIZAYYYNWRVBBUK,,Institution 52,real_email_for_shareholder_communication@gmx.com,3/14/1978,195 Georgia Tech Sta,422 Ferst Dr,Atlanta,GA,30404,USA,3/13/2000,,,,
GDL5YMAFJSUDA4D6WGBA427YXWRHDNXOV4QGKAPZ2LRUPASBA6L7NXLA,,Institution 53,real_email_for_shareholder_communication@gmx.com,3/15/1978,196 Georgia Tech Sta,423 Ferst Dr,Atlanta,GA,30405,USA,3/14/2000,,,,
GAGTDPDRJ5QTDBJ3ICKPCUOQFDLMS24TKPPJ2EIMBBTRUWSQ3TNRAJ7X,,Institution 54,real_email_for_shareholder_communication@gmx.com,3/16/1978,197 Georgia Tech Sta,424 Ferst Dr,Atlanta,GA,30406,USA,3/15/2000,,,,
GBQ3QHYBXPOLCHHDH7V3HSMXO5IRYE7O6IKV33SQXKMJHAYCXATWY4RV,,Institution 55,real_email_for_shareholder_communication@gmx.com,3/17/1978,198 Georgia Tech Sta,425 Ferst Dr,Atlanta,GA,30407,USA,3/16/2000,,,,
GA7Z7OF6LFOI2K5J4KZWU6IHLEOLTVED6MFDJYMI6IQDDRARAST5RTNM,,Institution 56,real_email_for_shareholder_communication@gmx.com,3/18/1978,199 Georgia Tech Sta,426 Ferst Dr,Atlanta,GA,30408,USA,3/17/2000,,,,
GBD6HW3U4D27YRE62R2BX3O5VW2NUIC5ADU53F6PQLTP32BZ4XH4SDLE,,Institution 57,real_email_for_shareholder_communication@gmx.com,3/19/1978,200 Georgia Tech Sta,427 Ferst Dr,Atlanta,GA,30409,USA,3/18/2000,,,,
GATYXWKG5FVK2IUOURNIS5JSSRP6HWAX3JVUOV2HUD6NRKTPS6Q2OPWQ,,Institution 58,real_email_for_shareholder_communication@gmx.com,3/20/1978,201 Georgia Tech Sta,428 Ferst Dr,Atlanta,GA,30410,USA,3/19/2000,,,,
GDKUV2VINXPLAXG3HVVUHGINITMNK54AVDDIC75NLJGJWODKAAEVZBS5,,Institution 59,real_email_for_shareholder_communication@gmx.com,3/21/1978,202 Georgia Tech Sta,429 Ferst Dr,Atlanta,GA,30411,USA,3/20/2000,,,,
GBI5CHFQIMBINZAH2WVHFJPJIT74O2V2BDXLCGOAUOE6AJEINPF7VMTN,,Institution 60,real_email_for_shareholder_communication@gmx.com,3/22/1978,203 Georgia Tech Sta,430 Ferst Dr,Atlanta,GA,30412,USA,3/21/2000,,,,
GA5OVOTMMAPRSCILUHW3HV5XA4HDICG6AFTLPCSMB7P63NIGGOLCAFKI,,Institution 61,real_email_for_shareholder_communication@gmx.com,3/23/1978,204 Georgia Tech Sta,431 Ferst Dr,Atlanta,GA,30413,USA,3/22/2000,,,,
GB4TTQSFTC7TCNU3OBXWMMDMSTBJWYQ5TJQKP4XGN2IOWM7B42Z7C375,,Institution 62,real_email_for_shareholder_communication@gmx.com,3/24/1978,205 Georgia Tech Sta,432 Ferst Dr,Atlanta,GA,30414,USA,3/23/2000,,,,
GBIJHPNK3PY6P3BGYAUVNDVTJBE5EYLRCUFFKM4DY4XVDJ7T64Z7DN2R,,Institution 63,real_email_for_shareholder_communication@gmx.com,3/25/1978,206 Georgia Tech Sta,433 Ferst Dr,Atlanta,GA,30415,USA,3/24/2000,,,,
GAS3EAWSRXPSP55U3IPBKLJ763DJQTRSYCGOKWHEBTFJVF5OEUVG7BHG,,Institution 64,real_email_for_shareholder_communication@gmx.com,3/26/1978,207 Georgia Tech Sta,434 Ferst Dr,Atlanta,GA,30416,USA,3/25/2000,,,,
GDYC3FXGU5VMAXPCYWZIAWIUNGXBWB2VUKA4VZ4YACAFU2VQUORGUFIS,,Institution 65,real_email_for_shareholder_communication@gmx.com,3/27/1978,208 Georgia Tech Sta,435 Ferst Dr,Atlanta,GA,30417,USA,3/26/2000,,,,
GBQCVEASBBBBBLQTODVWJBZVAKPHDHL4DGWSC7B3UWTA27PQ2MKY4F6M,,Institution 66,real_email_for_shareholder_communication@gmx.com,3/28/1978,209 Georgia Tech Sta,436 Ferst Dr,Atlanta,GA,30418,USA,3/27/2000,,,,
GBB2LVWEFB3JAPOGQTBDAGABLKYPSXMGKMSQIKCGJE32II6ZOC6YXT23,,Institution 67,real_email_for_shareholder_communication@gmx.com,3/29/1978,210 Georgia Tech Sta,437 Ferst Dr,Atlanta,GA,30419,USA,3/28/2000,,,,
GB22R2WW42JHVFOAH5SFCVFUEIAK66XNQHKSLYKPMO5EBKPZNXYRLMB7,,Institution 68,real_email_for_shareholder_communication@gmx.com,3/30/1978,211 Georgia Tech Sta,438 Ferst Dr,Atlanta,GA,30420,USA,3/29/2000,,,,
GATPGP6ZHGI26S4WN7L5KXO7XEBVNMFH25MCF5XC5AXSDIIIWEOOIZQ3,,Institution 69,real_email_for_shareholder_communication@gmx.com,3/31/1978,212 Georgia Tech Sta,439 Ferst Dr,Atlanta,GA,30421,USA,3/30/2000,,,,
GCKEBUMAX7OBVBH7OP4X4QGT4NXXYP2XQNRRROARAVEOA3DWNNDQPJKX,,Institution 70,real_email_for_shareholder_communication@gmx.com,4/1/1978,213 Georgia Tech Sta,440 Ferst Dr,Atlanta,GA,30422,USA,3/31/2000,,,,
GDLMVK6VNWYPX3A2JRH6WB2UYEPSR5MNBPZK5NZVB7ALZYOWHKEXMGHA,,Institution 71,real_email_for_shareholder_communication@gmx.com,4/2/1978,214 Georgia Tech Sta,441 Ferst Dr,Atlanta,GA,30423,USA,4/1/2000,,,,
GC37VB2ARACJWCVJTPCNUGBS4HRA4PRSQWOP2NYEQEWZ2EDDOWQI3MWC,,Institution 72,real_email_for_shareholder_communication@gmx.com,4/3/1978,215 Georgia Tech Sta,442 Ferst Dr,Atlanta,GA,30424,USA,4/2/2000,,,,
GDL2HCOQDEFHZB5G2DHTQBMQZDCACKTE2HRHM434W5K7IUKPWN5VU2HJ,,Institution 73,real_email_for_shareholder_communication@gmx.com,4/4/1978,216 Georgia Tech Sta,443 Ferst Dr,Atlanta,GA,30425,USA,4/3/2000,,,,
GBU66AHFEOYERJBVCJLR73KCHRDVCB2UA6ALGWOHLHRNDEAMKTCPFNIS,,Institution 74,real_email_for_shareholder_communication@gmx.com,4/5/1978,217 Georgia Tech Sta,444 Ferst Dr,Atlanta,GA,30426,USA,4/4/2000,,,,
GAQOO22VHMIQUR7RANMCZKXTXKBWIBUMCL3N73ONH4M2QR6XXJC5XTFX,,Institution 75,real_email_for_shareholder_communication@gmx.com,4/6/1978,218 Georgia Tech Sta,445 Ferst Dr,Atlanta,GA,30427,USA,4/5/2000,,,,
GDZ6YTBHBL6RCEDJYGHNN3EASOWRLYCVJS5DP3SDCRDIADIGFLDKPC3P,,Institution 76,real_email_for_shareholder_communication@gmx.com,4/7/1978,219 Georgia Tech Sta,446 Ferst Dr,Atlanta,GA,30428,USA,4/6/2000,,,,
GCTQ76DHQERXX5KSKIOILF65THKADKVX7PPOSITFP3GZKQCBFNHEZEYQ,,Institution 77,real_email_for_shareholder_communication@gmx.com,4/8/1978,220 Georgia Tech Sta,447 Ferst Dr,Atlanta,GA,30429,USA,4/7/2000,,,,
GDLQCGIG72ZKGT6QXF4I2X2GDZBQ57HH7DQKSUW3JNIDNVQLMQY7R2XC,,Institution 78,real_email_for_shareholder_communication@gmx.com,4/9/1978,221 Georgia Tech Sta,448 Ferst Dr,Atlanta,GA,30430,USA,4/8/2000,,,,
GBAWMYWRWEX4ZFMACD4O6VHRH7XVINY37UZBMQDYUUPZ64O2AEIKD33W,,Institution 79,real_email_for_shareholder_communication@gmx.com,4/10/1978,222 Georgia Tech Sta,449 Ferst Dr,Atlanta,GA,30431,USA,4/9/2000,,,,
GBJ52PINC7BQZDG5GBYEY5K6MGAOASBM3WN2Z2ALZUG72AXNC7QAF4PT,,Institution 80,real_email_for_shareholder_communication@gmx.com,4/11/1978,223 Georgia Tech Sta,450 Ferst Dr,Atlanta,GA,30432,USA,4/10/2000,,,,
GDPY35KQXQVXMCZSNGYJBGXRU4NKQLL56JPOAYCCA4RRLX3XHNFE4H6S,,Institution 81,real_email_for_shareholder_communication@gmx.com,4/12/1978,224 Georgia Tech Sta,451 Ferst Dr,Atlanta,GA,30433,USA,4/11/2000,,,,
GDLLDMV4IX3ZZQL3UCF42HNSUTP5IICF5KCHFYNIUDLPROJGFVBWCF36,,Institution 82,real_email_for_shareholder_communication@gmx.com,4/13/1978,225 Georgia Tech Sta,452 Ferst Dr,Atlanta,GA,30434,USA,4/12/2000,,,,
GATNENKE2JO7S36JFOVCFCMFSXDNEBSZ7X5SPR4LANJTXJMP64BD6WFR,,Institution 83,real_email_for_shareholder_communication@gmx.com,4/14/1978,226 Georgia Tech Sta,453 Ferst Dr,Atlanta,GA,30435,USA,4/13/2000,,,,
GBBVZR32V2EFVHVZEEUBFGL2YI3NABB7QMKN5DHTLK5GGPOOBH2ZBCBF,,Institution 84,real_email_for_shareholder_communication@gmx.com,4/15/1978,227 Georgia Tech Sta,454 Ferst Dr,Atlanta,GA,30436,USA,4/14/2000,,,,
GCDCO3TWVI3JUINDQE3IIYHM3A5EYANJMMRJPOUBABSONRB753AUQRQB,,Institution 85,real_email_for_shareholder_communication@gmx.com,4/16/1978,228 Georgia Tech Sta,455 Ferst Dr,Atlanta,GA,30437,USA,4/15/2000,,,,
GDSLTT6DFJLXMAZKWQPCFZMDWMYJEPNKIVZS7U2HKR3GPRUPOR356TBC,,Institution 86,real_email_for_shareholder_communication@gmx.com,4/17/1978,229 Georgia Tech Sta,456 Ferst Dr,Atlanta,GA,30438,USA,4/16/2000,,,,
GCMRTGL3QZN5UDAAHKNCMSTW4TELMCEAQTR32PAGNOOKEARPT54WTITR,,Most ledgers are about this size give or take under 10B,real_email_for_shareholder_communication@gmx.com,4/18/1978,230 Georgia Tech Sta,457 Ferst Dr,Atlanta,GA,30439,USA,4/17/2000,,,,
GDB4JIF2EXMCEQHTIK7MR4INGTC3TEYH5XPCZU4AZEY3BBJILBL6VGNT,,Institution 88,real_email_for_shareholder_communication@gmx.com,4/19/1978,231 Georgia Tech Sta,458 Ferst Dr,Atlanta,GA,30440,USA,4/18/2000,,,,
GDQ7ZHBNRDLDUMYCBYF4UMXZYN24UWDXKSKGRS7SXJBLFRYIUCWLZZAG,,Institution 89,real_email_for_shareholder_communication@gmx.com,4/20/1978,232 Georgia Tech Sta,459 Ferst Dr,Atlanta,GA,30441,USA,4/19/2000,,,,
GD4YE2DQTESW7C42FTDNC2VJAS7LBT5ARTP5OTXTJSGPML3FAGNJHXXW,,Institution 90,real_email_for_shareholder_communication@gmx.com,4/21/1978,233 Georgia Tech Sta,460 Ferst Dr,Atlanta,GA,30442,USA,4/20/2000,,,,
GBOS3UTNF75U5GZVRDYPTYLGALWL2Z5YWPFWFE6G6XYR4UTYKXDMIOSV,,Institution 91,real_email_for_shareholder_communication@gmx.com,4/22/1978,234 Georgia Tech Sta,461 Ferst Dr,Atlanta,GA,30443,USA,4/21/2000,,,,
GBJNOAAXHMCJGX6EZR35QRPAWPASPAQ22UMETTI22DYJ35FPU5KALSTM,,Institution 92,real_email_for_shareholder_communication@gmx.com,4/23/1978,235 Georgia Tech Sta,462 Ferst Dr,Atlanta,GA,30444,USA,4/22/2000,,,,
GCHWTSRC3DETQENW7D4BETIADPUOTP4THXG6K5IKASXOXVNBSIZDWNA4,,Institution 93,real_email_for_shareholder_communication@gmx.com,4/24/1978,236 Georgia Tech Sta,463 Ferst Dr,Atlanta,GA,30445,USA,4/23/2000,,,,
GBQD2STS55FMPLP6SGWOE35AFNBCFF7IO5E34DPSKFFHHT332HBDCDLS,,Institution 94,real_email_for_shareholder_communication@gmx.com,4/25/1978,237 Georgia Tech Sta,464 Ferst Dr,Atlanta,GA,30446,USA,4/24/2000,,,,
GASHMXOSMH6JUDIATTWIY7XJCCXH776RAKHPF2KT6FCY63VSMXTPNANM,,Institution 95,real_email_for_shareholder_communication@gmx.com,4/26/1978,238 Georgia Tech Sta,465 Ferst Dr,Atlanta,GA,30447,USA,4/25/2000,,,,
GA22TW5ZFFRB4AC7ALFJ7DOCZCY6JMKLDMSIQBWAA7WQEKHOXW57U342,,Institution 96,real_email_for_shareholder_communication@gmx.com,4/27/1978,239 Georgia Tech Sta,466 Ferst Dr,Atlanta,GA,30448,USA,4/26/2000,,,,
GDBRS3Q46X4KNYCEGX6HARTESH6PCK53OLFKXI42YM3G7W4ASH5NWCEC,,Institution 97,real_email_for_shareholder_communication@gmx.com,4/28/1978,240 Georgia Tech Sta,467 Ferst Dr,Atlanta,GA,30449,USA,4/27/2000,,,,
GDSCVAVYZGZWBICFDSLZVYGSRSBSMZYI5QXSVG6DU3VMGJN7CM3XIXQC,,Institution 98,real_email_for_shareholder_communication@gmx.com,4/29/1978,241 Georgia Tech Sta,468 Ferst Dr,Atlanta,GA,30450,USA,4/28/2000,,,,
GBRODXOP4LLOQA5M23TTNTZ7Q4ARLTA4MZYOVR4KN3DVAMR33GSIJ7BV,,Institution 99,real_email_for_shareholder_communication@gmx.com,4/30/1978,242 Georgia Tech Sta,469 Ferst Dr,Atlanta,GA,30451,USA,4/29/2000,,,,
GDMM4DC2YH2MVNKYOQH4VYB3Z7QPX6M6XMAZNBJSS2HHDDJ43ZWOEBGK,,Institution 100,real_email_for_shareholder_communication@gmx.com,5/1/1978,243 Georgia Tech Sta,470 Ferst Dr,Atlanta,GA,30452,USA,4/30/2000,,,,
GAG22DH2QH52NL5JQ72BBSPMTB7WXTRYZKWFJL3S2MITZPIG2T3RTRSP,,Institution 101,real_email_for_shareholder_communication@gmx.com,5/2/1978,244 Georgia Tech Sta,471 Ferst Dr,Atlanta,GA,30453,USA,5/1/2000,,,,
GCQXLTYRSEDVKGDJE5B7KQ5ZDYVHEAUJXAPARPLZM4WH25D2I6F5PD7B,,Institution 102,real_email_for_shareholder_communication@gmx.com,5/3/1978,245 Georgia Tech Sta,472 Ferst Dr,Atlanta,GA,30454,USA,5/2/2000,,,,
GBWNCWX6QZYLFYMAGT5CYEVK4HQCVYHBIFEHI75RKU6CUCOTBN6TPLON,,Institution 103,real_email_for_shareholder_communication@gmx.com,5/4/1978,246 Georgia Tech Sta,473 Ferst Dr,Atlanta,GA,30455,USA,5/3/2000,,,,
GCSIAZ7VY4LKXU4PK42WIOVJC7IV7NBXUANT5EDFCORSFYIY54J3BHPJ,,Institution 104,real_email_for_shareholder_communication@gmx.com,5/5/1978,247 Georgia Tech Sta,474 Ferst Dr,Atlanta,GA,30456,USA,5/4/2000,,,,
GAP2YRYLYGENLE3NETOP3IY4QIUSC63N5OFU3SXZMOQ6Y5HIALVPPA7E,,Institution 105,real_email_for_shareholder_communication@gmx.com,5/6/1978,248 Georgia Tech Sta,475 Ferst Dr,Atlanta,GA,30457,USA,5/5/2000,,,,
GBLMBVGIIFHXSI4CQD4Z62HTCUPKXXZOM3I3ZG2Z756MQZVVAF2C5ZGB,,Institution 106,real_email_for_shareholder_communication@gmx.com,5/7/1978,249 Georgia Tech Sta,476 Ferst Dr,Atlanta,GA,30458,USA,5/6/2000,,,,
GCOHGZF3H3SBQ6KXNE6JBJCAP5LCZWJZX4N7PAVGOSQDJOIGYSFD23PE,,Institution 107,real_email_for_shareholder_communication@gmx.com,5/8/1978,250 Georgia Tech Sta,477 Ferst Dr,Atlanta,GA,30459,USA,5/7/2000,,,,
GBGYAMSKQYTGETJL35XGUZNHRU7FHKICMPFGKCDJMVFVGBOXGJRXMOMI,,Institution 108,real_email_for_shareholder_communication@gmx.com,5/9/1978,251 Georgia Tech Sta,478 Ferst Dr,Atlanta,GA,30460,USA,5/8/2000,,,,
GBXG3IEPXYGV6NOTMBIIRLF7QKDLGRHDEH4PMUWDE7KA2IQY6P5ASG4Z,,Institution 109,real_email_for_shareholder_communication@gmx.com,5/10/1978,252 Georgia Tech Sta,479 Ferst Dr,Atlanta,GA,30461,USA,5/9/2000,,,,
GBEQJI6AY6BUIZB55PN5ESVX7JGQBW2Y7D7MZBLQ4IMDUYAKAGYZ5QOO,,Institution 110,real_email_for_shareholder_communication@gmx.com,5/11/1978,253 Georgia Tech Sta,480 Ferst Dr,Atlanta,GA,30462,USA,5/10/2000,,,,
GCG5UMOKS4LLKZK6W5K7NNRGV6NK4MDUIAS3NA4MSCO6NRUL6MYR7RJT,,Institution 111,real_email_for_shareholder_communication@gmx.com,5/12/1978,254 Georgia Tech Sta,481 Ferst Dr,Atlanta,GA,30463,USA,5/11/2000,,,,
GC3QJ2BE7JCK6X4RKCY22JIR7GBTBNUF4FKEGTH67TO6OGBH2F3BNGBN,,Institution 112,real_email_for_shareholder_communication@gmx.com,5/13/1978,255 Georgia Tech Sta,482 Ferst Dr,Atlanta,GA,30464,USA,5/12/2000,,,,
GATYYOWWYD2VFVU67N5SNPH4FZL2OOBVE7QTDOQPPVSERJQZHLPU5KB3,,Institution 113,real_email_for_shareholder_communication@gmx.com,5/14/1978,256 Georgia Tech Sta,483 Ferst Dr,Atlanta,GA,30465,USA,5/13/2000,,,,
GAJQH5ZSZJKISAUYH4XUOD6C7JFVAFL57LH3ELX67AARA23N5YS2OYAD,,Institution 114,real_email_for_shareholder_communication@gmx.com,5/15/1978,257 Georgia Tech Sta,484 Ferst Dr,Atlanta,GA,30466,USA,5/14/2000,,,,
GA5Z25C4VJPQTD24WCS6F3V7ZANYQ2NZZ6D4NVQINIYXE6OJ4OLH5KCS,,Institution 115,real_email_for_shareholder_communication@gmx.com,5/16/1978,258 Georgia Tech Sta,485 Ferst Dr,Atlanta,GA,30467,USA,5/15/2000,,,,
GCFA6SO3VIYPE6QGLFEHUPDO6RSG2UDZCU4A2I6TWQUMJUM6UNFT7Z4R,,Institution 116,real_email_for_shareholder_communication@gmx.com,5/17/1978,259 Georgia Tech Sta,486 Ferst Dr,Atlanta,GA,30468,USA,5/16/2000,,,,
GC2LIO2FRDAC5KL3PO43T36X3K3WR4EPRUAUQSYCU2BC2W77SATUVKGE,,Institution 117,real_email_for_shareholder_communication@gmx.com,5/18/1978,260 Georgia Tech Sta,487 Ferst Dr,Atlanta,GA,30469,USA,5/17/2000,,,,
GBUOW6Y3ZFYKVVPA5Z2II7LUM7L27AFOMDRTF7BP6SH2QTCKLCHXMWTU,,Institution 118,real_email_for_shareholder_communication@gmx.com,5/19/1978,261 Georgia Tech Sta,488 Ferst Dr,Atlanta,GA,30470,USA,5/18/2000,,,,
GCLLTITTR6PZ23UH2KSX52PY6Z3VNFUEYHALCOMS45IUJOJ7A6XAZX6Z,,Institution 119,real_email_for_shareholder_communication@gmx.com,5/20/1978,262 Georgia Tech Sta,489 Ferst Dr,Atlanta,GA,30471,USA,5/19/2000,,,,
GCRMXFEV6L3P7Y42CNVJZOU63N5PDCLRQBQCI3YTJG4DFJBYN3IUUUZY,,Institution 120,real_email_for_shareholder_communication@gmx.com,5/21/1978,263 Georgia Tech Sta,490 Ferst Dr,Atlanta,GA,30472,USA,5/20/2000,,,,
GAII32QLCTEDXFHEFQUCHMMAOIG2IAFRSN3GCP5IX3LSMLI325NBZZE2,,Institution 121,real_email_for_shareholder_communication@gmx.com,5/22/1978,264 Georgia Tech Sta,491 Ferst Dr,Atlanta,GA,30473,USA,5/21/2000,,,,
GC3JG3BUYBDUN5VZS22762JGIG2E2ELJFQGCJWO7XUPENM5SNAKJL5ZK,,Institution 122,real_email_for_shareholder_communication@gmx.com,5/23/1978,265 Georgia Tech Sta,492 Ferst Dr,Atlanta,GA,30474,USA,5/22/2000,,,,
GAETJTV3CEISSX7K3RGCQENWGAQH2ALZUXNRJ5XLDTEKYNFCRPWSITHR,,Institution 123,real_email_for_shareholder_communication@gmx.com,5/24/1978,266 Georgia Tech Sta,493 Ferst Dr,Atlanta,GA,30475,USA,5/23/2000,,,,
GC5N2OYTRDRKB7EWHTLD6JNQXDPTVDXZJ3BFYLHGH76TH37VI3D55MLK,,Institution 124,real_email_for_shareholder_communication@gmx.com,5/25/1978,267 Georgia Tech Sta,494 Ferst Dr,Atlanta,GA,30476,USA,5/24/2000,,,,
GBAI7XUON5MKHW2ERJSNPUR7MBMQNV7CLSLPNTJKTINXDV3ES7P6NJ6G,,Institution 125,real_email_for_shareholder_communication@gmx.com,5/26/1978,268 Georgia Tech Sta,495 Ferst Dr,Atlanta,GA,30477,USA,5/25/2000,,,,
GB6CYYERSNGS7NQHKKIG5HCFRAH5TWNXU6MJOB6FYDDOPIIBBNHPNZL7,,Institution 126,real_email_for_shareholder_communication@gmx.com,5/27/1978,269 Georgia Tech Sta,496 Ferst Dr,Atlanta,GA,30478,USA,5/26/2000,,,,
GD37WECSMMJEJCIFTUBYHGTLTLGPLYEERGT5ERQ2FNMLKAQE3XR6KFGW,,Institution 127,real_email_for_shareholder_communication@gmx.com,5/28/1978,270 Georgia Tech Sta,497 Ferst Dr,Atlanta,GA,30479,USA,5/27/2000,,,,
GDGNYTEG3GH2JF7MTESCHAFSZKIGBUEJYER67JOWSAOOMHSUVSVE3WUO,,Institution 128,real_email_for_shareholder_communication@gmx.com,5/29/1978,271 Georgia Tech Sta,498 Ferst Dr,Atlanta,GA,30480,USA,5/28/2000,,,,
GD2FOC5WL6TWMPHJYIS3D77QUDADY6U7SA77TRPN445GPDCLDBMRFICR,,Institution 129,real_email_for_shareholder_communication@gmx.com,5/30/1978,272 Georgia Tech Sta,499 Ferst Dr,Atlanta,GA,30481,USA,5/29/2000,,,,
GD7SCJUI5Y2XYLP63PMXRFRVBYZ7PLI6N6EMY6WORTRQASERHOKZMCJD,,Institution 130,real_email_for_shareholder_communication@gmx.com,5/31/1978,273 Georgia Tech Sta,500 Ferst Dr,Atlanta,GA,30482,USA,5/30/2000,,,,
GD6VMPYZU24F2RET75R4KZS6ZCNDGG7WKLUJSBCFTSIUJQ5CF2NSTV2Z,,Institution 131,real_email_for_shareholder_communication@gmx.com,6/1/1978,274 Georgia Tech Sta,501 Ferst Dr,Atlanta,GA,30483,USA,5/31/2000,,,,
GBCL6GV3PUNPNJVQN2I43TUA3QHM4NVIGWBMISDITBY5EFLJRSMQSOLG,,Institution 132,real_email_for_shareholder_communication@gmx.com,6/2/1978,275 Georgia Tech Sta,502 Ferst Dr,Atlanta,GA,30484,USA,6/1/2000,,,,
GBMDLWCUR446ZGM7GR3VPYEB2XEZKLDWX4AZ6YVVPHBXVO5YXXEBP4HY,,Institution 133,real_email_for_shareholder_communication@gmx.com,6/3/1978,276 Georgia Tech Sta,503 Ferst Dr,Atlanta,GA,30485,USA,6/2/2000,,,,
GAIHZTADFTDBZEX2LAMKGR55XWUXJZDPBD3Y2RNC6CTGP3WQF64TPHOK,,Institution 134,real_email_for_shareholder_communication@gmx.com,6/4/1978,277 Georgia Tech Sta,504 Ferst Dr,Atlanta,GA,30486,USA,6/3/2000,,,,
GDBIOY64Q2VUGEYUHW2QWTOXOMLHQ47BXU7HLLXHRQAL3ZLNZ6IO72EF,,Institution 135,real_email_for_shareholder_communication@gmx.com,6/5/1978,278 Georgia Tech Sta,505 Ferst Dr,Atlanta,GA,30487,USA,6/4/2000,,,,
GDILFUJ6UE2RAROMLSWEHEYOUCA5DFN76GNME2YW3H45SNHLFGTKZFGE,,Institution 136,real_email_for_shareholder_communication@gmx.com,6/6/1978,279 Georgia Tech Sta,506 Ferst Dr,Atlanta,GA,30488,USA,6/5/2000,,,,
GBJD52Q5G5JOZSTNZO777CSV2ZQUJOIZBVAIE54ELCTWSKRLFRVOCVES,,Institution 137,real_email_for_shareholder_communication@gmx.com,6/7/1978,280 Georgia Tech Sta,507 Ferst Dr,Atlanta,GA,30489,USA,6/6/2000,,,,
GCJ7FVVWIFIGBYAWFMQCNGYI5R33B4AQSRQCTMJGI7RIKR32M2XQJROP,,Institution 138,real_email_for_shareholder_communication@gmx.com,6/8/1978,281 Georgia Tech Sta,508 Ferst Dr,Atlanta,GA,30490,USA,6/7/2000,,,,
GD645YXYS67Y2I6627K3L3R6TX3L4RG2657MYION7L6USDNFE745UEXG,,Institution 139,real_email_for_shareholder_communication@gmx.com,6/9/1978,282 Georgia Tech Sta,509 Ferst Dr,Atlanta,GA,30491,USA,6/8/2000,,,,
GCO2DVVEZMXZRFLWNJRO6ELKTE7S3VYJINLGA7FXFN4Y2DK2TL5NTAEL,,Institution 140,real_email_for_shareholder_communication@gmx.com,6/10/1978,283 Georgia Tech Sta,510 Ferst Dr,Atlanta,GA,30492,USA,6/9/2000,,,,
GAVVRDEVTHXLYXO4JFLLCRWWI6K4TFY2T3KCEWHCZNPTXWEPPXSJMPPE,,Institution 141,real_email_for_shareholder_communication@gmx.com,6/11/1978,284 Georgia Tech Sta,511 Ferst Dr,Atlanta,GA,30493,USA,6/10/2000,,,,
GBJH32HFTAG7WYDVXGA3CWE2FWPX5QSGS2RDN6V6MUBML2DIGGTJXH3Q,,Institution 142,real_email_for_shareholder_communication@gmx.com,6/12/1978,285 Georgia Tech Sta,512 Ferst Dr,Atlanta,GA,30494,USA,6/11/2000,,,,
GC6K2SMAJ5EVF74MVNAN6WD4BCDKUYHSMVPMCF4H6LU636N2VYNB4NPS,,Institution 143,real_email_for_shareholder_communication@gmx.com,6/13/1978,286 Georgia Tech Sta,513 Ferst Dr,Atlanta,GA,30495,USA,6/12/2000,,,,
GBE5AIRF7TZMCLXM4XOI5ISUA4FICHCU6RKO2OSV6RQXIOMGB7WDN374,,Institution 144,real_email_for_shareholder_communication@gmx.com,6/14/1978,287 Georgia Tech Sta,514 Ferst Dr,Atlanta,GA,30496,USA,6/13/2000,,,,
GCKZRUFJQTBZHUWUPJXJZN7HBWHQYJY55MHO6WI757BAR4ZUYHQKLCMB,,Institution 145,real_email_for_shareholder_communication@gmx.com,6/15/1978,288 Georgia Tech Sta,515 Ferst Dr,Atlanta,GA,30497,USA,6/14/2000,,,,
GBYL6WRGJELBJBIUNUZZAXMFWAQRI7RSV6UEO5GX7K2XAEWSUGEZCH3A,,Institution 146,real_email_for_shareholder_communication@gmx.com,6/16/1978,289 Georgia Tech Sta,516 Ferst Dr,Atlanta,GA,30498,USA,6/15/2000,,,,
GC4VTKPVTBMZHR245EZ4FWVK7JIHVG33XFTMI4X65US3J5OXXTBHPDNM,,Institution 147,real_email_for_shareholder_communication@gmx.com,6/17/1978,290 Georgia Tech Sta,517 Ferst Dr,Atlanta,GA,30499,USA,6/16/2000,,,,
GCGS4YZOVUAHSK7IHUQ6IXHWMU37VMH6EXT5MR7JRHTNTJLFYWLN7LAV,,Institution 148,real_email_for_shareholder_communication@gmx.com,6/18/1978,291 Georgia Tech Sta,518 Ferst Dr,Atlanta,GA,30500,USA,6/17/2000,,,,
GB6NPU7TVDR37A6M6III322EB4FJYNLY3I74XCY7EEF4TJEARU6AZP3Z,,Institution 149,real_email_for_shareholder_communication@gmx.com,6/19/1978,292 Georgia Tech Sta,519 Ferst Dr,Atlanta,GA,30501,USA,6/18/2000,,,,
GBNHRDSQA4DCMSNW4OC57JLSMTNSJ73YPVHLVH24BBF46JBDGR2A5CKE,,Institution 150,real_email_for_shareholder_communication@gmx.com,6/20/1978,293 Georgia Tech Sta,520 Ferst Dr,Atlanta,GA,30502,USA,6/19/2000,,,,
GBA5B7GOXQG6XDSGYLUZK2EM46PAYPYWJZ4NBEAJGQPVXUJR74PHARHS,,Institution 151,real_email_for_shareholder_communication@gmx.com,6/21/1978,294 Georgia Tech Sta,521 Ferst Dr,Atlanta,GA,30503,USA,6/20/2000,,,,
GAQFXA3EXMHB7UJUEKUKTHROMAQBKUEUBV27IFMJJEAJ7QPHWL6763AD,,Institution 152,real_email_for_shareholder_communication@gmx.com,6/22/1978,295 Georgia Tech Sta,522 Ferst Dr,Atlanta,GA,30504,USA,6/21/2000,,,,
GB4HJ7EMSTR4PIX6MIOUKWRCJSUSDMMYGKJRZDET5KW7XSX6QCEVK3W5,,Institution 153,real_email_for_shareholder_communication@gmx.com,6/23/1978,296 Georgia Tech Sta,523 Ferst Dr,Atlanta,GA,30505,USA,6/22/2000,,,,
GDCNZUT7VWEZIEXOLDAEZG2ZEMN3FWNMELCOYV4GYK3C44I472TZUXCI,,Institution 154,real_email_for_shareholder_communication@gmx.com,6/24/1978,297 Georgia Tech Sta,524 Ferst Dr,Atlanta,GA,30506,USA,6/23/2000,,,,
GAAN3QVM2T2JVGWXI3AEKGCJRZ34TK7GDBCMXLKC77UXXGAECZEYKMHU,,Institution 155,real_email_for_shareholder_communication@gmx.com,6/25/1978,298 Georgia Tech Sta,525 Ferst Dr,Atlanta,GA,30507,USA,6/24/2000,,,,
GDX4KKKAB3KGFPMM6RNCTQHULWKKJTLSQBDXAC7RPIFKWBOMIUN5NZAQ,,Institution 156,real_email_for_shareholder_communication@gmx.com,6/26/1978,299 Georgia Tech Sta,526 Ferst Dr,Atlanta,GA,30508,USA,6/25/2000,,,,
GALH5OJKUKJSMRKYCOVW6PDYNKXIHBZ7TSTHQXOOUNXTSHDL4DOEQS43,,Institution 157,real_email_for_shareholder_communication@gmx.com,6/27/1978,300 Georgia Tech Sta,527 Ferst Dr,Atlanta,GA,30509,USA,6/26/2000,,,,
GDJC3AWAXKPQRRGRFBO2FHWLDCSAO4SWTQZEZ6FOIPZPAMZKSK5YSNRW,,Institution 158,real_email_for_shareholder_communication@gmx.com,6/28/1978,301 Georgia Tech Sta,528 Ferst Dr,Atlanta,GA,30510,USA,6/27/2000,,,,
GBY5MUARC5PM564KF57FMNP2MCIH7AP26DY3WSETVLNKZJVP557LRALU,,Institution 159,real_email_for_shareholder_communication@gmx.com,6/29/1978,302 Georgia Tech Sta,529 Ferst Dr,Atlanta,GA,30511,USA,6/28/2000,,,,
GBYZTWHK5UCCZML5WZIU657NLUSSFFYFEMV6KXPXLI3ZHKGDX5RXYP3L,,Institution 160,real_email_for_shareholder_communication@gmx.com,6/30/1978,303 Georgia Tech Sta,530 Ferst Dr,Atlanta,GA,30512,USA,6/29/2000,,,,
GC2TFVZE32P5POLR7LLGWEVVC37QBBLQ5UDEYR3HCILKDJIBWLBCS47P,,Institution 161,real_email_for_shareholder_communication@gmx.com,7/1/1978,304 Georgia Tech Sta,531 Ferst Dr,Atlanta,GA,30513,USA,6/30/2000,,,,
GDQLK2U76ECQL2KJ7GIQKDUDJWSNEQRQPZFDWZDZHHILBHYSUD3NCWCI,,Institution 162,real_email_for_shareholder_communication@gmx.com,7/2/1978,305 Georgia Tech Sta,532 Ferst Dr,Atlanta,GA,30514,USA,7/1/2000,,,,
GBUPRGS3VITXKOYGUQ4ZNZF5WNQY7T7VI2NVBZJHZDQFJ7Y7CVKAMMK5,,Institution 163,real_email_for_shareholder_communication@gmx.com,7/3/1978,306 Georgia Tech Sta,533 Ferst Dr,Atlanta,GA,30515,USA,7/2/2000,,,,
GBSHHKF5ROB5OTPXNECO4LIO5R2DQWZEMFWLQ3RJDVPCNODL744BLBCE,,Institution 164,real_email_for_shareholder_communication@gmx.com,7/4/1978,307 Georgia Tech Sta,534 Ferst Dr,Atlanta,GA,30516,USA,7/3/2000,,,,
GAFQ3RZOWWBFRGQ627DYQBU6ZEVZNF35WBVDH36FGSIOBPTM4K2IEZRI,,Institution 165,real_email_for_shareholder_communication@gmx.com,7/5/1978,308 Georgia Tech Sta,535 Ferst Dr,Atlanta,GA,30517,USA,7/4/2000,,,,
GATCYQ7EHB2IWEEHU5TWMTU5DM6EG26ECW4IPJAJJU7SV4GPB526EI7L,,Institution 166,real_email_for_shareholder_communication@gmx.com,7/6/1978,309 Georgia Tech Sta,536 Ferst Dr,Atlanta,GA,30518,USA,7/5/2000,,,,
GDDNRISPHHGX4EJ2AOUTCIAMYPNUP2FWO73IBSBJ3ZCPWUGIHNSP4EGH,,Institution 167,real_email_for_shareholder_communication@gmx.com,7/7/1978,310 Georgia Tech Sta,537 Ferst Dr,Atlanta,GA,30519,USA,7/6/2000,,,,
GBEUMJB57AKOARL33TSEM42VZR3OEYXMXSSW2MG6B4XQPATQMGVYZQQ7,,Institution 168,real_email_for_shareholder_communication@gmx.com,7/8/1978,311 Georgia Tech Sta,538 Ferst Dr,Atlanta,GA,30520,USA,7/7/2000,,,,
GAMJB72QBQZJ35TP5FWEJYPCQ27WDLQHRM33Q5LAXTSSH2LWNJ52TWAO,,Institution 169,real_email_for_shareholder_communication@gmx.com,7/9/1978,312 Georgia Tech Sta,539 Ferst Dr,Atlanta,GA,30521,USA,7/8/2000,,,,
GD6QTK2E76PNTZE5KG4MYLJBA3CRXX2ML566QJS5SPOQU74HL67Q63QO,,Institution 170,real_email_for_shareholder_communication@gmx.com,7/10/1978,313 Georgia Tech Sta,540 Ferst Dr,Atlanta,GA,30522,USA,7/9/2000,,,,
GCECDMA55VJQTTNKLL4CMRRWBEW67O4SQLJ3LYNGHBG3YP2WRJR7HUEG,,Institution 171,real_email_for_shareholder_communication@gmx.com,7/11/1978,314 Georgia Tech Sta,541 Ferst Dr,Atlanta,GA,30523,USA,7/10/2000,,,,
GDSDOWDG3YFU5XQ7AILHWKFZHG26P55D7MGGZNV5RDNEGIEMAIQKUVL4,,Institution 172,real_email_for_shareholder_communication@gmx.com,7/12/1978,315 Georgia Tech Sta,542 Ferst Dr,Atlanta,GA,30524,USA,7/11/2000,,,,
GCA6ZGEH7DY7QB2OKAY6F7A7TKEEKKLWDU7W5E2PSNIWHCLLRUDWXEXD,,Institution 173,real_email_for_shareholder_communication@gmx.com,7/13/1978,316 Georgia Tech Sta,543 Ferst Dr,Atlanta,GA,30525,USA,7/12/2000,,,,
GCKVG5FCEDQGLGZLSZAFNAVNHQSISWTGNI5I2IPNZJ6G673ONQCT6JZI,,Institution 174,real_email_for_shareholder_communication@gmx.com,7/14/1978,317 Georgia Tech Sta,544 Ferst Dr,Atlanta,GA,30526,USA,7/13/2000,,,,
GD56IZEVTZ24HJCPAOEWKIBU27EFSEDVQTVK74TCOW3FABRZ2U4INRTS,,Institution 175,real_email_for_shareholder_communication@gmx.com,7/15/1978,318 Georgia Tech Sta,545 Ferst Dr,Atlanta,GA,30527,USA,7/14/2000,,,,
GCG22DVOXRFZ6XDZNWQ4JK2KCVQR6T2P7JI67Q2PTCMG3PZRT6V3MKJE,,Institution 176,real_email_for_shareholder_communication@gmx.com,7/16/1978,319 Georgia Tech Sta,546 Ferst Dr,Atlanta,GA,30528,USA,7/15/2000,,,,
GDGEQG2VLBCJNEXURUNFHUHFRRJ7XZJ67BB2YP2NXW5QIHJ3FHTEE37W,,Institution 177,real_email_for_shareholder_communication@gmx.com,7/17/1978,320 Georgia Tech Sta,547 Ferst Dr,Atlanta,GA,30529,USA,7/16/2000,,,,
GCVCXDLDA3KVQPE2H4YT44LAZAJGKJPMLBBA4ZOXZU64MJHL5BELH6ZK,,Institution 178,real_email_for_shareholder_communication@gmx.com,7/18/1978,321 Georgia Tech Sta,548 Ferst Dr,Atlanta,GA,30530,USA,7/17/2000,,,,
GABAGAG3KWR6SLIZHBABEG375HO6J7FH7EQWYUGHA65MGHST4UL7IPOM,,Institution 179,real_email_for_shareholder_communication@gmx.com,7/19/1978,322 Georgia Tech Sta,549 Ferst Dr,Atlanta,GA,30531,USA,7/18/2000,,,,
GDBIKI7A675ECY5PRKZUVJUSAJI5VQVNCXXROCLCMREB7FQE6I2HCDWQ,,Institution 180,real_email_for_shareholder_communication@gmx.com,7/20/1978,323 Georgia Tech Sta,550 Ferst Dr,Atlanta,GA,30532,USA,7/19/2000,,,,
GBGVQPJW36U3DCYKYEZQXEHVBYEKKMIN45ZJOFBB4HSCX6XJUSSFLHCG,,Institution 181,real_email_for_shareholder_communication@gmx.com,7/21/1978,324 Georgia Tech Sta,551 Ferst Dr,Atlanta,GA,30533,USA,7/20/2000,,,,
GCGDRAAIZQ45W3266SVWFVNWXCHTTBGU7WH4OCBOWOCBYPPTWEUX3VHD,,Institution 182,real_email_for_shareholder_communication@gmx.com,7/22/1978,325 Georgia Tech Sta,552 Ferst Dr,Atlanta,GA,30534,USA,7/21/2000,,,,
GAFRSBPBSYPRWPEDQKZ3SAU4FGW7CWM2A4Q3Y2C3LHMHL7ZCC6ZP2JL4,,Institution 183,real_email_for_shareholder_communication@gmx.com,7/23/1978,326 Georgia Tech Sta,553 Ferst Dr,Atlanta,GA,30535,USA,7/22/2000,,,,
GAHZ5IOJWNM7OT77TXQNQ5GEBCKX4IV2LZX6XGX3G7SOBJYXAVD2MLJP,,Institution 184,real_email_for_shareholder_communication@gmx.com,7/24/1978,327 Georgia Tech Sta,554 Ferst Dr,Atlanta,GA,30536,USA,7/23/2000,,,,
GCXFYNST6N4QSYIGPRA5JMG7PN6UWGVTKZEYC2V6NVQFGJNUB3M3L4ZZ,,Institution 185,real_email_for_shareholder_communication@gmx.com,7/25/1978,328 Georgia Tech Sta,555 Ferst Dr,Atlanta,GA,30537,USA,7/24/2000,,,,
GCTMVDMIUCF5QIDOS4UHNVHJRRR43AW5GA47BFQXL6A6IIGKA7MWXKHO,,Institution 186,real_email_for_shareholder_communication@gmx.com,7/26/1978,329 Georgia Tech Sta,556 Ferst Dr,Atlanta,GA,30538,USA,7/25/2000,,,,
GAQBGKD4HNLWBEDWJHWZIMD5SA737MH2NN5W2Q67MWLWXM4ZYAUAKM3Z,,Institution 187,real_email_for_shareholder_communication@gmx.com,7/27/1978,330 Georgia Tech Sta,557 Ferst Dr,Atlanta,GA,30539,USA,7/26/2000,,,,
GASQGU7EDNR55LLVQGL3NVWCOMXGKZUM5IR4KVPAGCWAZQB7L65KAS6E,,Institution 188,real_email_for_shareholder_communication@gmx.com,7/28/1978,331 Georgia Tech Sta,558 Ferst Dr,Atlanta,GA,30540,USA,7/27/2000,,,,
GD7ZXCBSBIJ2V2UFCFI6GPERWE4Z24XIHOXK6IETF2X7BT6Y2MRA7ZLK,,Institution 189,real_email_for_shareholder_communication@gmx.com,7/29/1978,332 Georgia Tech Sta,559 Ferst Dr,Atlanta,GA,30541,USA,7/28/2000,,,,
GAWXM72MSTW2M7T542XZRCBCBQ4J34XK6ODCYKRLMKXEJNIJFSCFL2O6,,Institution 190,real_email_for_shareholder_communication@gmx.com,7/30/1978,333 Georgia Tech Sta,560 Ferst Dr,Atlanta,GA,30542,USA,7/29/2000,,,,
GDVAZSJLRCV43VTD3A326VARUKWMD3UBXC5JBUDO3IJKN6IH72YXJMLA,,Institution 191,real_email_for_shareholder_communication@gmx.com,7/31/1978,334 Georgia Tech Sta,561 Ferst Dr,Atlanta,GA,30543,USA,7/30/2000,,,,
GDLEYLF2A6PNKP34UZUCABBQ6IPMKPSQ4T2XXG7IQTSV7B7KI226LQVU,,Institution 192,real_email_for_shareholder_communication@gmx.com,8/1/1978,335 Georgia Tech Sta,562 Ferst Dr,Atlanta,GA,30544,USA,7/31/2000,,,,
GD763X3BPBJFQNNI3M5ILT6DQGRDVXJPLVCYTE6V4IXD5DE435X3ABOX,,Institution 193,real_email_for_shareholder_communication@gmx.com,8/2/1978,336 Georgia Tech Sta,563 Ferst Dr,Atlanta,GA,30545,USA,8/1/2000,,,,
GCASLF3I7FYAOSPAZDFWEPY242OPRWBQFTUH2RVEPJCOTIAR5CMWCBMY,,Institution 194,real_email_for_shareholder_communication@gmx.com,8/3/1978,337 Georgia Tech Sta,564 Ferst Dr,Atlanta,GA,30546,USA,8/2/2000,,,,
GDLZXLWEFVEVK5TKGTWR7XYNRCXXNHFMMU5AANUHXMJJC7ZASRE63VZA,,Institution 195,real_email_for_shareholder_communication@gmx.com,8/4/1978,338 Georgia Tech Sta,565 Ferst Dr,Atlanta,GA,30547,USA,8/3/2000,,,,
GCROOUCLDU6GSGHA3L6OTE7L3SLCY3GXCQS7MA56NXROS6P2T5E7B6ZI,,Institution 196,real_email_for_shareholder_communication@gmx.com,8/5/1978,339 Georgia Tech Sta,566 Ferst Dr,Atlanta,GA,30548,USA,8/4/2000,,,,
GBOAGG4DGIE7LJ4PDUJ422QVJQ4BFM5GYIJZXMABIOL2B6U4UQ6MD5UA,,Institution 197,real_email_for_shareholder_communication@gmx.com,8/6/1978,340 Georgia Tech Sta,567 Ferst Dr,Atlanta,GA,30549,USA,8/5/2000,,,,
GBTP37J5G5STHYDULSDLCK4G24RKTYM5G7FWO537KW72RLLOEUGDEJS6,,Institution 198,real_email_for_shareholder_communication@gmx.com,8/7/1978,341 Georgia Tech Sta,568 Ferst Dr,Atlanta,GA,30550,USA,8/6/2000,,,,
GAWIRYV6TQ2U5MDXJ3IYGRNKFZIDEROXE4GBVZJH5X3DUKCDDBX3WR2U,,Institution 199,real_email_for_shareholder_communication@gmx.com,8/8/1978,342 Georgia Tech Sta,569 Ferst Dr,Atlanta,GA,30551,USA,8/7/2000,,,,
GAE2FGZ67UUQPQKQANGQBMWJ4GJ324QOFFKM7PMVBOZJXGLIAPITPE35,,Institution 200,real_email_for_shareholder_communication@gmx.com,8/9/1978,343 Georgia Tech Sta,570 Ferst Dr,Atlanta,GA,30552,USA,8/8/2000,,,,
GDZFIYH3I5SJ5ZWSGKUIWIMLCKV5QHOJTW7IRRIYL7X6AT6TZB23PQ7T,,Institution 201,real_email_for_shareholder_communication@gmx.com,8/10/1978,344 Georgia Tech Sta,571 Ferst Dr,Atlanta,GA,30553,USA,8/9/2000,,,,
GDBBJBQVEMJZIQCH5OOLEV5S2PCCVL6EH5R5XFCCBCK557GK5JBG5H4W,,Institution 202,real_email_for_shareholder_communication@gmx.com,8/11/1978,345 Georgia Tech Sta,572 Ferst Dr,Atlanta,GA,30554,USA,8/10/2000,,,,
GAAKNL2K5DGBPHKCC6APKEVVBRK4J5OEAMR22QWYKWVKHKMK6YLVRPEX,,Institution 203,real_email_for_shareholder_communication@gmx.com,8/12/1978,346 Georgia Tech Sta,573 Ferst Dr,Atlanta,GA,30555,USA,8/11/2000,,,,
GDF5AZZUFPCKUWP5DVTJ6HQQZKQD23A25S3QRFKZD6WQZQAV53EDD6HD,,Institution 204,real_email_for_shareholder_communication@gmx.com,8/13/1978,347 Georgia Tech Sta,574 Ferst Dr,Atlanta,GA,30556,USA,8/12/2000,,,,
GDU3BJ6V4DUJANMTAP75ZMKCSXLV4DTTKYR7KMBHO2D67DYMLR2PKVBH,,Institution 205,real_email_for_shareholder_communication@gmx.com,8/14/1978,348 Georgia Tech Sta,575 Ferst Dr,Atlanta,GA,30557,USA,8/13/2000,,,,
GCOJ4NIR5LKAMYU4BUPO6HKYPRZUQSSI2L3HSK3EUOPK3HOTSUJJABYF,,Institution 206,real_email_for_shareholder_communication@gmx.com,8/15/1978,349 Georgia Tech Sta,576 Ferst Dr,Atlanta,GA,30558,USA,8/14/2000,,,,
GAMU5TQFUMDGVKYQPPDCD2MKKUUWELSQAEKNNU4RFQCWFSRBPJA2MAGQ,,Institution 207,real_email_for_shareholder_communication@gmx.com,8/16/1978,350 Georgia Tech Sta,577 Ferst Dr,Atlanta,GA,30559,USA,8/15/2000,,,,
GB6WGDQF3I2BQ7LYAGFQVSTVWRGBGWKAE7W5MVTFDRVAUJU5ELUNVBRL,,Institution 208,real_email_for_shareholder_communication@gmx.com,8/17/1978,351 Georgia Tech Sta,578 Ferst Dr,Atlanta,GA,30560,USA,8/16/2000,,,,
GCHUAUKOJCCYYQPB6AZLSWCYRFROL6PHZQ52RM3EQWEGBUMURAFWUDSV,,Institution 209,real_email_for_shareholder_communication@gmx.com,8/18/1978,352 Georgia Tech Sta,579 Ferst Dr,Atlanta,GA,30561,USA,8/17/2000,,,,
GBGZYDZOQNM4LZCFHLXEPRGWKU5UYD4EWFE2HI4JC4S6WUZMC6Z64G4Y,,Institution 210,real_email_for_shareholder_communication@gmx.com,8/19/1978,353 Georgia Tech Sta,580 Ferst Dr,Atlanta,GA,30562,USA,8/18/2000,,,,
GDYRJ2IPM4QCMRBBSFSA3NHYXTUZJI7EHGG4RKZOG2JUNTPM366RD6K2,,Institution 211,real_email_for_shareholder_communication@gmx.com,8/20/1978,354 Georgia Tech Sta,581 Ferst Dr,Atlanta,GA,30563,USA,8/19/2000,,,,
GDQARLBODWZHL5OLLEY2XYE3O757H7DS6NJDUWZZZUYQCK6OB57ZO4JX,,Institution 212,real_email_for_shareholder_communication@gmx.com,8/21/1978,355 Georgia Tech Sta,582 Ferst Dr,Atlanta,GA,30564,USA,8/20/2000,,,,
GDTBAUGIAR7C6QDN6JKWESWN7ENIUADLWIHN6E5DVQSI6JS6LGVBXHBB,,CEO,real_email_for_shareholder_communication@gmx.com,8/22/1978,356 Georgia Tech Sta,583 Ferst Dr,Atlanta,GA,30565,USA,8/21/2000,,,,
GDI4QUYTIADWOETSUWD6B53IJCTD36KHRGGBA4Y7TFYC62MATNNTIEE5,,CFO,real_email_for_shareholder_communication@gmx.com,8/23/1978,357 Georgia Tech Sta,584 Ferst Dr,Atlanta,GA,30566,USA,8/22/2000,,,,
GCQR36IP5IOBPYD3NXEFR2FJC5DCAQHJIZFBUCZMA27BW3FAFXWSTUHN,,CIO,real_email_for_shareholder_communication@gmx.com,8/24/1978,358 Georgia Tech Sta,585 Ferst Dr,Atlanta,GA,30567,USA,8/23/2000,,,,
GBJRRWJVCIHKBLA2VRXJGFBBWKFP6OV6AMQKGN5N63NIIHN5T4XV5ZM4,,CISO ,real_email_for_shareholder_communication@gmx.com,8/25/1978,359 Georgia Tech Sta,586 Ferst Dr,Atlanta,GA,30568,USA,8/24/2000,,,,
GC3WSRWNAGZXUHWZ6LHQTZXDLD4O43READL5RUBRR24ZCJ2DTBGQ3262,,Big Manager 1,real_email_for_shareholder_communication@gmx.com,8/26/1978,360 Georgia Tech Sta,587 Ferst Dr,Atlanta,GA,30569,USA,8/25/2000,,,,
GASUU7YZMDCG6ZNOKAFGARHUZ4QDPI7M3NKOOF4OMM75FK33M7TIUJ7D,,Big Manager 2,real_email_for_shareholder_communication@gmx.com,8/27/1978,361 Georgia Tech Sta,588 Ferst Dr,Atlanta,GA,30570,USA,8/26/2000,,,,
GBNVQF7UMKNWRDUSXIEYDZED62QEZGQ6JVZMATJTFCB3AKYBNLJBDLSI,,Big Manager 3,real_email_for_shareholder_communication@gmx.com,8/28/1978,362 Georgia Tech Sta,589 Ferst Dr,Atlanta,GA,30571,USA,8/27/2000,,,,
GBNNMKFRZG2SIXHN5KFEY4MPU4M4D2SPHCIFAN4AKCBTZ6P72FMFKWRO,,Big Manager 4,real_email_for_shareholder_communication@gmx.com,8/29/1978,363 Georgia Tech Sta,590 Ferst Dr,Atlanta,GA,30572,USA,8/28/2000,,,,
GCWEY4FMFE3EJHN64ZJDFOWYFGBWMJ2KJX4KG25WC23PVEOCAP6EDLPD,,Big Manager 5,real_email_for_shareholder_communication@gmx.com,8/30/1978,364 Georgia Tech Sta,591 Ferst Dr,Atlanta,GA,30573,USA,8/29/2000,,,,
GDICZUVZMFLPC3WE7GY7CAZSQCSX5SKSU45ZK7HIRT4QHVQGR7L55XEL,,Big Manager 6,real_email_for_shareholder_communication@gmx.com,8/31/1978,365 Georgia Tech Sta,592 Ferst Dr,Atlanta,GA,30574,USA,8/30/2000,,,,
GAE5PV2IJOV55JITJWGDNLJU7NSPIDLY6MCONVHR4W3MI2MEEK5IJROK,,Big Manager 7,real_email_for_shareholder_communication@gmx.com,9/1/1978,366 Georgia Tech Sta,593 Ferst Dr,Atlanta,GA,30575,USA,8/31/2000,,,,
GBIDUO3ZN3FAOXMI4MZXJASZIV6RWIXXFEXTPV43PJPRJRZFJGPFDVF6,,Big Manager 8,real_email_for_shareholder_communication@gmx.com,9/2/1978,367 Georgia Tech Sta,594 Ferst Dr,Atlanta,GA,30576,USA,9/1/2000,,,,
