Blockchain Address,Institution Name,First Name,Middle Name,Last Name,Suffix,Address,City,State/Province,Area Code,SSN,EIN,TIN,DL License #,Passport #,Other ID Card #,Onboarded Date,KYC Report Information,Email
GBT5KYTYHTUORGZETT4ELIJND2ANSKNNML4ZJ3DU2N6MQPI72G5BND5Y,Cede & Co.,,,,,"120 Somewhere Street, 350 Fet Dr",,,,*******,*******,,,,,,,
GBUJ7ZFNCRAS5UXM4YNC4LZ5ESYIRVFQLB5BAB5FEW5AWCYU3Y7D3C2R,Hillhouse Capital Advisors Ltd.,,,,,"121 Somewhere Street, Ferst Drive, Yatta Yattaland, 30332, US",,,,,,,,,,,,
GDKN6G6VPRKJ7VJ64TI2K237RUPBKCJTYXPNZKG2RY3BZMMJX5ZMCIA4,Morgan Stanley,,,,,"122 Somewhere Street, Ferst Drive, Yatta Yattaland, 30332, US",,,,,,,,,,,,
GDPJE3OTMDBNAKG6N2JNM5BS3U3JTWSVVGDTJETODHJH7KX3SD2LPOTG,Credit Suisse Ag/,,,,,"123 Somewhere Street, Ferst Drive, Yatta Yattaland, 30332, US",,,,,,,,,,,,
GDOTPCEAEUTWRPIX5ZDIWFAHMJDTPAFT2I5COF2SIAEZ7EVSHG55Y7IA,"Goldman Sachs Group, Inc.",,,,,"124 Somewhere Street, Ferst Drive, Yatta Yattaland, 30332, US",,,,,,,,,,,,
GAIAD7Q3B4QL6FEZJGXDBLT3XN256QEZGWEFQL3HVX3UF6TKN44LBXXT,UBS Group AG,,,,,"125 Somewhere Street, Ferst Drive, Yatta Yattaland, 30332, US",,,,,,,,,,,,
GBZBBXQ2XKNR5X3PNOALLLSH5Y5U46EX4GRTTMQO6ZJVFBZLSWVMPHSR,Nomura Holdings Inc.,,,,,"126 Somewhere Street, Ferst Drive, Yatta Yattaland, 30332, US",,,,,,,,,,,,
GBH2JOL2OFN7HFEF6HYIL5Z6IXVBMUAM2U5PTIKVGX7UBKOMAE3T3D7P,Blackrock Inc.,,,,,"127 Somewhere Street, Ferst Drive, Yatta Yattaland, 30332, US",,,,,,,,,,,,
GBLUTPRUTI73G5E2M4GXN5IGTPREO3X2PPX6UFWJMZEUHBIFMD2DMXVN,"Vanguard Group, Inc. (The)",,,,,"128 Somewhere Street, Ferst Drive, Yatta Yattaland, 30332, US",,,,,,,,,,,,
GAMBOW3VCSZNSERW3SFUR3LADVKNIQK3HZAWJEGIACMITXJTWGRZIM2B,Canada Pension Plan Investment Board,,,,,"129 Somewhere Street, Ferst Drive, Yatta Yattaland, 30332, US",,,,,,,,,,,,
GDH6H7NKI4Z572SELNK65RABNQCJCIZE4TWFTUUCV5CDET4C62BHLU5C,Bank of America Corporation,,,,,"130 Somewhere Street, Ferst Drive, Yatta Yattaland, 30332, US",,,,,,,,,,,,
GALHMY7IIWNDDJQYH5SZ2GEKFGKYLBY3GRRNIKITGECOAEE2ZZ2Y7LNG,Vanguard International Stock Index-Total Intl Stock Indx,,,,,"131 Somewhere Street, Ferst Drive, Yatta Yattaland, 30332, US",,,,,,,,,,,,
GD3FPPINEBIVN3DAORXKBI2QA6OCAQWUO7TUONAXUMUG37HGORDJEEV2,Vanguard International Stock Index-Emerging Markets Stk,,,,,"132 Somewhere Street, Ferst Drive, Yatta Yattaland, 30332, US",,,,,,,,,,,,
GAK6MDFNACRLGRB3YSJLJ62WRYQ4ONSJ6S6PCXKIEP74BIFU5PGYR5SP,KraneShares CSI China Internet ETF,,,,,"133 Somewhere Street, Ferst Drive, Yatta Yattaland, 30332, US",,,,,,,,,,,,
GC3UU5AK5TPHX7DFBYZGDM5XTALTBJEJY2JOYJ5WGKNSYFSQDLQFHT5D,iShares Core MSCI Emerging Markets ETF,,,,,"134 Somewhere Street, Ferst Drive, Yatta Yattaland, 30332, US",,,,,,,,,,,,
GBKTIF47XJ3KT2FHJ7E3LSMSDVSSTUHQAM5HLV3NKN2L26TIE4TDCICH,iShares MSCI Emerging Markets ETF,,,,,"135 Somewhere Street, Ferst Drive, Yatta Yattaland, 30332, US",,,,,,,,,,,,
GCEKBTMUN6N6OJF3B73VLSGL5X3Z6BGHYIWV4ZW3EDKBCNZEXAODQDVY,Delaware Group Global & International Funds-Emerging Markets Fd,,,,,"136 Somewhere Street, Ferst Drive, Yatta Yattaland, 30332, US",,,,,,,,,,,,
GAKAKHV2FNOSUKSWLHSAS6G5EBQV6YKS24LQLBKJZACVEH73BK72QQCS,iShares MSCI China ETF,,,,,"137 Somewhere Street, Ferst Drive, Yatta Yattaland, 30332, US",,,,,,,,,,,,
GDWZ363ZRBFNWPY3NIG4GTAHSS6YUZZMDIXJ42GG42T3JJKRCTILSMAQ,Amplify Online Retail ETF,,,,,"138 Somewhere Street, Ferst Drive, Yatta Yattaland, 30332, US",,,,,,,,,,,,
GBBT2FUAXSEEHMPQRYNTBYGVBM7CIHE34IBHNXJNSCLVOFZJ4ZRS4BKC,Vanguard Intl Equity Index Fds-FTSE All World ex U.S. Index Fund,,,,,"139 Somewhere Street, Ferst Drive, Yatta Yattaland, 30332, US",,,,,,,,,,,,
GCYK756PQQ55EVWDI3QQIXBKM26CWSZQHA3VUV2CMX6SZEQR7TY7VC7I,Wells Fargo Emerging Markets Equity Fd,,,,,"140 Somewhere Street, Ferst Drive, Yatta Yattaland, 30332, US",,,,,,,,,,,,
GA2CG56MOKQTRMZ6DWEXIOTE4AZXAO23URNPUYFVGOVFJGEJKWPIZHQA,Brokerage 1,,,,,"141 Somewhere Street, Ferst Drive, Yatta Yattaland, 30332, US",,,,,,,,,,,,
GDTD5INMAKQNSIJG46RHOTYK3FSLYZI34ZCC2MLHYZA6DOR5OSCIB35M,Brokerage 2,,,,,"142 Somewhere Street, Ferst Drive, Yatta Yattaland, 30332, US",,,,,,,,,,,,
GD2Z7MPNQ7LIAOOAEWK4ZO6GEM2DQBO62FMF72ZKFLISUDRIQP5SVNBL,Brokerage 3,,,,,"143 Somewhere Street, Ferst Drive, Yatta Yattaland, 30332, US",,,,,,,,,,,,
GAZM6HD4VNK5URO3DQ7IT6T42SX764GMXLWKGRELLFDXCY7MQUSQ5F6M,Brokerage 4,,,,,"144 Somewhere Street, Ferst Drive, Yatta Yattaland, 30332, US",,,,,,,,,,,,
GDWIMRJWGN2NU4KIMNDMHZ6DES7TPDXLKNDRSC3DDUTHMNO5N32UITRC,Brokerage 5,,,,,"145 Somewhere Street, Ferst Drive, Yatta Yattaland, 30332, US",,,,,,,,,,,,
GDCT3GTP6N7RRB66Z3BDU2S7QNBTAQWRUR3JSVT2VHRWVKM5LCXZVVLW,Brokerage 6,,,,,"146 Somewhere Street, Ferst Drive, Yatta Yattaland, 30332, US",,,,,,,,,,,,
GDVWHOBOMVLHJY6U7OFUSGYW4W5AH3LRDFWFB3CWBELHZUFDDE2RINB3,HFT 7,,,,,"147 Somewhere Street, Ferst Drive, Yatta Yattaland, 30332, US",,,,,,,,,,,,
GALBSL3P7P2GKEYY7IYJHDHOMYLR56HI3XYKFZBWQ535HUH54S4NZ4R2,Hedge Fund 8,,,,,"148 Somewhere Street, Ferst Drive, Yatta Yattaland, 30332, US",,,,,,,,,,,,
GBQRQ7NGGAMIKICUGXKXIUX7A7STJBMBMBTUSD3BDQSQY4F7QUDC3BUD,Institution 9,,,,,"149 Somewhere Street, Ferst Drive, Yatta Yattaland, 30332, US",,,,,,,,,,,,
GCLKVLKDL6A4ADKVJUJJFHUSKMQTCURV5I5H6CS2GEI5MZOCUGGPVJIV,Institution 10,,,,,"150 Somewhere Street, Ferst Drive, Yatta Yattaland, 30332, US",,,,,,,,,,,,
GDNJN7Q2WQYKIRLRKDM5ROBOW5O4KGNWJNXCCKECFHR2UXRKIV5QE42F,Institution 11,,,,,"151 Somewhere Street, Ferst Drive, Yatta Yattaland, 30332, US",,,,,,,,,,,,
GCJZROPZSWMPRVOF5YSGBFEEFPL4KODLAMLMV3B34FU44HIZVOVHU345,Institution 12,,,,,"152 Somewhere Street, Ferst Drive, Yatta Yattaland, 30332, US",,,,,,,,,,,,
GB5EKD7WWALTW6LVU5P63CWEHMUPGGIWCNROH2VF32JX3AEAIWEV6SOE,Institution 13,,,,,"153 Somewhere Street, Ferst Drive, Yatta Yattaland, 30332, US",,,,,,,,,,,,
GD4MYT4OE3EPNKMJTYZ2LNZ3S55R7ZW3U67SSVLGOVEGBMPAQ5VXCIWX,Institution 14,,,,,"154 Somewhere Street, Ferst Drive, Yatta Yattaland, 30332, US",,,,,,,,,,,,
GCIZUA3KF7E37N7X6WL5L76DWWSOBJUQ7I7DIDHPSWTMEUW7OBO6C37P,Institution 15,,,,,"155 Somewhere Street, Ferst Drive, Yatta Yattaland, 30332, US",,,,,,,,,,,,
GBN36HA4AKQDOKZ7BU3UQWWRG4OIB3W6GTKX3R2FWCVDVKGO6SN32QW5,Institution 16,,,,,"156 Somewhere Street, Ferst Drive, Yatta Yattaland, 30332, US",,,,,,,,,,,,
GDUDWTCULKBQ2GJMSMJRQBW233TVN5D6LSQC7SVOSVYSWFDTLTOZYL3P,Institution 17,,,,,"157 Somewhere Street, Ferst Drive, Yatta Yattaland, 30332, US",,,,,,,,,,,,
GD3LNVR5XMTJC7W6F33UFHFNFD6FLIYPMDV36B6XGFBZK574V7RZYP5U,Institution 18,,,,,"158 Somewhere Street, Ferst Drive, Yatta Yattaland, 30332, US",,,,,,,,,,,,
GDP3WSHM6JTCGZ22JZPEWML3TQRJVSYBO24YVS5TM4TGYQBPWY4YCKE6,Institution 19,,,,,"159 Somewhere Street, Ferst Drive, Yatta Yattaland, 30332, US",,,,,,,,,,,,
GBS7NXIU6KB32CSH4VOOV6NCJO46HDV46DEX7PX7KUCLPJGVOQGCYVHI,Institution 20,,,,,"160 Somewhere Street, Ferst Drive, Yatta Yattaland, 30332, US",,,,,,,,,,,,
GA7LO3QFVQ34HDEBPYRBSMINTWKBM2BC5Y73PXWS2SE56IU2NWLK3PFU,Institution 21,,,,,"161 Somewhere Street, Ferst Drive, Yatta Yattaland, 30332, US",,,,,,,,,,,,
GBY6SCTWBEQKZRWLVGFOJ4EKHJBUHAFHALEAFAPSY6ABRTOQK2TBDMHR,Institution 22,,,,,"162 Somewhere Street, Ferst Drive, Yatta Yattaland, 30332, US",,,,,,,,,,,,
GA432I5XKKK6CIE5JXSRBXZ3GQJQOIOBZYINMQSQEIGL63W2D6V6TVAO,Institution 23,,,,,"163 Somewhere Street, Ferst Drive, Yatta Yattaland, 30332, US",,,,,,,,,,,,
GB4ZAR2Z4Z3NHOPWJGDTLH27WYTZCKGZOQHTCSYR2KLET6FNY3IPJZ34,Institution 24,,,,,"164 Somewhere Street, Ferst Drive, Yatta Yattaland, 30332, US",,,,,,,,,,,,
GDM26TOMXAVPTEIVVCC4ZXCEKQ2466BHXECHUTN5K6TVUN5C6MX44COQ,Institution 25,,,,,"165 Somewhere Street, Ferst Drive, Yatta Yattaland, 30332, US",,,,,,,,,,,,
GB6MIEWRGEMYBNSBYYRKT4RVZKWNCTET62Q2JLO3RB4362QUAVH4G63A,Institution 26,,,,,"166 Somewhere Street, Ferst Drive, Yatta Yattaland, 30332, US",,,,,,,,,,,,
GAMGYGZQGKTEXZUTDOJFQVK4QVBP6BH4YQQ67XJXNBWQOMOCBSEHTSGX,Institution 27,,,,,"167 Somewhere Street, Ferst Drive, Yatta Yattaland, 30332, US",,,,,,,,,,,,
GD77YGYHQ4MPL4GLIR66PLYHZHPISTTTNG3VOQSUHSPMSTGDVDUDP4EA,Institution 28,,,,,"168 Somewhere Street, Ferst Drive, Yatta Yattaland, 30332, US",,,,,,,,,,,,
GCQJRDWQEXXXUQE2YQSTLPWGBOB26KDTXZEQBXO2BESIWGB6HUFVA47Y,Institution 29,,,,,"169 Somewhere Street, Ferst Drive, Yatta Yattaland, 30332, US",,,,,,,,,,,,
GB7TWMIZLQ5RPFYJR2EXZKD42CU4CZVMVMHXFQ3DDBUCNTAV7U4K4ODF,Institution 30,,,,,"170 Somewhere Street, Ferst Drive, Yatta Yattaland, 30332, US",,,,,,,,,,,,
GBX5XJARWJYMPPGGBTX6UWNBQPFEHTA3ZNAH6LR6DPWTH2OOTLDH6YOV,Institution 31,,,,,"171 Somewhere Street, Ferst Drive, Yatta Yattaland, 30332, US",,,,,,,,,,,,
GBI7TWUOYMJ6XHTXAFEPKBQSDA6M3Y7MN5IG6HYUSU556RIKL7ZFWZ52,Institution 32,,,,,"172 Somewhere Street, Ferst Drive, Yatta Yattaland, 30332, US",,,,,,,,,,,,
GCPMROJVRZ3OSM3NOAUT7DAC2Y73FOEJ7XWRVKVWHUITXQBWTUFAGHS2,Institution 33,,,,,"173 Somewhere Street, Ferst Drive, Yatta Yattaland, 30332, US",,,,,,,,,,,,
GCP6Q5FXDJCMFHFPLM77T7WJ36P5QH3M72F4JWZHAMDBBK3TTIR3JTYA,Institution 34,,,,,"174 Somewhere Street, Ferst Drive, Yatta Yattaland, 30332, US",,,,,,,,,,,,
GAS3HAH2RVLXQPHZWRBTBU6WKN6PIHZYUHILF3SRHPMPR6JBDGCSBC7Y,Institution 35,,,,,"175 Somewhere Street, Ferst Drive, Yatta Yattaland, 30332, US",,,,,,,,,,,,
GDGZGE7UZH2WEREP3XSOJGFTVADTHOXSXS3WUQ6VVG62VBIQJKF2HHTA,Institution 36,,,,,"176 Somewhere Street, Ferst Drive, Yatta Yattaland, 30332, US",,,,,,,,,,,,
GB7FCCRQ6IEWJ3BIWEU7ZQGARLTNYYBPG73L7HO7PU3JAOKWRE4LWVKR,Institution 37,,,,,"177 Somewhere Street, Ferst Drive, Yatta Yattaland, 30332, US",,,,,,,,,,,,
GDUEJFQGYUUSZKNYRNK4B5ROMHTD5I24MQXZR7QQ7QBXE66H4NZVRQ7T,Institution 38,,,,,"178 Somewhere Street, Ferst Drive, Yatta Yattaland, 30332, US",,,,,,,,,,,,
GCOZ7XBG4UQBZMJKNK3ES7IG6KYJKMHCULBOW7LPIPLCRLHLXA7NFVLE,Institution 39,,,,,"179 Somewhere Street, Ferst Drive, Yatta Yattaland, 30332, US",,,,,,,,,,,,
GCOKWSV6XD7XYGECMWL2EOIGXD5JG5K3S6KEFA7ZL4YHBRZFX42N4XZP,Institution 40,,,,,"180 Somewhere Street, Ferst Drive, Yatta Yattaland, 30332, US",,,,,,,,,,,,
GCO2T2F7I76EZ732J23X4V67DT5OD6WMVTX6PT44B5HCEXNWIH3QAUPV,Institution 41,,,,,"181 Somewhere Street, Ferst Drive, Yatta Yattaland, 30332, US",,,,,,,,,,,,
GB2Q75L26TF7AX4JUBHHRCGPE6PR3KI5R6TL5YFVQXXCELUELKXS325E,Institution 42,,,,,"182 Somewhere Street, Ferst Drive, Yatta Yattaland, 30332, US",,,,,,,,,,,,
GDUXXE3MUVN4PV2RQ6TBXDCCTEP6RC3XPFKDUE2GVP4FM3366DEAFWS5,Institution 43,,,,,"183 Somewhere Street, Ferst Drive, Yatta Yattaland, 30332, US",,,,,,,,,,,,
GAYWKDNRODBO4KOBPNLZNME6HZAYQEDRJPLPLN2QHIGQMNCR67XXFGAA,Institution 44,,,,,"184 Somewhere Street, Ferst Drive, Yatta Yattaland, 30332, US",,,,,,,,,,,,
GCDXHSOSSNL4YB2A7UKZLFQX7ROGTXENEZ7GZLMJU2FXPL36C2IAU22H,Institution 45,,,,,"185 Somewhere Street, Ferst Drive, Yatta Yattaland, 30332, US",,,,,,,,,,,,
GDBB4TBB2X5E6ER6HAOVE4WPPQXIUBEVLWJVU2WHBZRKS56RI67U2KWD,Institution 46,,,,,"186 Somewhere Street, Ferst Drive, Yatta Yattaland, 30332, US",,,,,,,,,,,,
GD5ZKETFJI76MGO2KGUJQ5AUSWNO23OM6F5KJSY6L52JO244IGLTVW44,Institution 47,,,,,"187 Somewhere Street, Ferst Drive, Yatta Yattaland, 30332, US",,,,,,,,,,,,
GB5ZIZQJAOTTC5NPRYQLP6ZYFOJNNCZOXKSIHPBURIULT4VDBWDMXCHC,Institution 48,,,,,"188 Somewhere Street, Ferst Drive, Yatta Yattaland, 30332, US",,,,,,,,,,,,
GBYPY3VDKPYIFA6MZZWX4OYBOICSWGZXCE5ALIENHTJJ3RIY372KBSIE,Institution 49,,,,,"189 Somewhere Street, Ferst Drive, Yatta Yattaland, 30332, US",,,,,,,,,,,,
GBHBYLRZQJ5VVXM2D6AC4ITR55Z2DTFW36Q5DGRAVEDQJPOPZHBAAZJF,Institution 50,,,,,"190 Somewhere Street, Ferst Drive, Yatta Yattaland, 30332, US",,,,,,,,,,,,
GBDDF7ZD5NRCLUIHOHSRHRRX4YXHKDANSGBPBQJWVT6ZVVITKIUJ27H4,Institution 51,,,,,"191 Somewhere Street, Ferst Drive, Yatta Yattaland, 30332, US",,,,,,,,,,,,
GAA752R477CPN2QDHREK2YMLYXFJEYZC4AGJZ75Q5VIZAYYYNWRVBBUK,Institution 52,,,,,"192 Somewhere Street, Ferst Drive, Yatta Yattaland, 30332, US",,,,,,,,,,,,
GDL5YMAFJSUDA4D6WGBA427YXWRHDNXOV4QGKAPZ2LRUPASBA6L7NXLA,Institution 53,,,,,"193 Somewhere Street, Ferst Drive, Yatta Yattaland, 30332, US",,,,,,,,,,,,
GAGTDPDRJ5QTDBJ3ICKPCUOQFDLMS24TKPPJ2EIMBBTRUWSQ3TNRAJ7X,Institution 54,,,,,"194 Somewhere Street, Ferst Drive, Yatta Yattaland, 30332, US",,,,,,,,,,,,
GBQ3QHYBXPOLCHHDH7V3HSMXO5IRYE7O6IKV33SQXKMJHAYCXATWY4RV,Institution 55,,,,,"195 Somewhere Street, Ferst Drive, Yatta Yattaland, 30332, US",,,,,,,,,,,,
GA7Z7OF6LFOI2K5J4KZWU6IHLEOLTVED6MFDJYMI6IQDDRARAST5RTNM,Institution 56,,,,,"196 Somewhere Street, Ferst Drive, Yatta Yattaland, 30332, US",,,,,,,,,,,,
GBD6HW3U4D27YRE62R2BX3O5VW2NUIC5ADU53F6PQLTP32BZ4XH4SDLE,Institution 57,,,,,"197 Somewhere Street, Ferst Drive, Yatta Yattaland, 30332, US",,,,,,,,,,,,
GATYXWKG5FVK2IUOURNIS5JSSRP6HWAX3JVUOV2HUD6NRKTPS6Q2OPWQ,Institution 58,,,,,"198 Somewhere Street, Ferst Drive, Yatta Yattaland, 30332, US",,,,,,,,,,,,
GDKUV2VINXPLAXG3HVVUHGINITMNK54AVDDIC75NLJGJWODKAAEVZBS5,Institution 59,,,,,"199 Somewhere Street, Ferst Drive, Yatta Yattaland, 30332, US",,,,,,,,,,,,
GBI5CHFQIMBINZAH2WVHFJPJIT74O2V2BDXLCGOAUOE6AJEINPF7VMTN,Institution 60,,,,,"200 Somewhere Street, Ferst Drive, Yatta Yattaland, 30332, US",,,,,,,,,,,,
GA5OVOTMMAPRSCILUHW3HV5XA4HDICG6AFTLPCSMB7P63NIGGOLCAFKI,Institution 61,,,,,"201 Somewhere Street, Ferst Drive, Yatta Yattaland, 30332, US",,,,,,,,,,,,
GB4TTQSFTC7TCNU3OBXWMMDMSTBJWYQ5TJQKP4XGN2IOWM7B42Z7C375,Institution 62,,,,,"202 Somewhere Street, Ferst Drive, Yatta Yattaland, 30332, US",,,,,,,,,,,,
GBIJHPNK3PY6P3BGYAUVNDVTJBE5EYLRCUFFKM4DY4XVDJ7T64Z7DN2R,Institution 63,,,,,"203 Somewhere Street, Ferst Drive, Yatta Yattaland, 30332, US",,,,,,,,,,,,
GAS3EAWSRXPSP55U3IPBKLJ763DJQTRSYCGOKWHEBTFJVF5OEUVG7BHG,Institution 64,,,,,"204 Somewhere Street, Ferst Drive, Yatta Yattaland, 30332, US",,,,,,,,,,,,
GDYC3FXGU5VMAXPCYWZIAWIUNGXBWB2VUKA4VZ4YACAFU2VQUORGUFIS,Institution 65,,,,,"205 Somewhere Street, Ferst Drive, Yatta Yattaland, 30332, US",,,,,,,,,,,,
GBQCVEASBBBBBLQTODVWJBZVAKPHDHL4DGWSC7B3UWTA27PQ2MKY4F6M,Institution 66,,,,,"206 Somewhere Street, Ferst Drive, Yatta Yattaland, 30332, US",,,,,,,,,,,,
GBB2LVWEFB3JAPOGQTBDAGABLKYPSXMGKMSQIKCGJE32II6ZOC6YXT23,Institution 67,,,,,"207 Somewhere Street, Ferst Drive, Yatta Yattaland, 30332, US",,,,,,,,,,,,
GB22R2WW42JHVFOAH5SFCVFUEIAK66XNQHKSLYKPMO5EBKPZNXYRLMB7,Institution 68,,,,,"208 Somewhere Street, Ferst Drive, Yatta Yattaland, 30332, US",,,,,,,,,,,,
GATPGP6ZHGI26S4WN7L5KXO7XEBVNMFH25MCF5XC5AXSDIIIWEOOIZQ3,Institution 69,,,,,"209 Somewhere Street, Ferst Drive, Yatta Yattaland, 30332, US",,,,,,,,,,,,
GCKEBUMAX7OBVBH7OP4X4QGT4NXXYP2XQNRRROARAVEOA3DWNNDQPJKX,Institution 70,,,,,"210 Somewhere Street, Ferst Drive, Yatta Yattaland, 30332, US",,,,,,,,,,,,
GDLMVK6VNWYPX3A2JRH6WB2UYEPSR5MNBPZK5NZVB7ALZYOWHKEXMGHA,Institution 71,,,,,"211 Somewhere Street, Ferst Drive, Yatta Yattaland, 30332, US",,,,,,,,,,,,
GC37VB2ARACJWCVJTPCNUGBS4HRA4PRSQWOP2NYEQEWZ2EDDOWQI3MWC,Institution 72,,,,,"212 Somewhere Street, Ferst Drive, Yatta Yattaland, 30332, US",,,,,,,,,,,,
GDL2HCOQDEFHZB5G2DHTQBMQZDCACKTE2HRHM434W5K7IUKPWN5VU2HJ,Institution 73,,,,,"213 Somewhere Street, Ferst Drive, Yatta Yattaland, 30332, US",,,,,,,,,,,,
GBU66AHFEOYERJBVCJLR73KCHRDVCB2UA6ALGWOHLHRNDEAMKTCPFNIS,Institution 74,,,,,"214 Somewhere Street, Ferst Drive, Yatta Yattaland, 30332, US",,,,,,,,,,,,
GAQOO22VHMIQUR7RANMCZKXTXKBWIBUMCL3N73ONH4M2QR6XXJC5XTFX,Institution 75,,,,,"215 Somewhere Street, Ferst Drive, Yatta Yattaland, 30332, US",,,,,,,,,,,,
GDZ6YTBHBL6RCEDJYGHNN3EASOWRLYCVJS5DP3SDCRDIADIGFLDKPC3P,Institution 76,,,,,"216 Somewhere Street, Ferst Drive, Yatta Yattaland, 30332, US",,,,,,,,,,,,
GCTQ76DHQERXX5KSKIOILF65THKADKVX7PPOSITFP3GZKQCBFNHEZEYQ,Institution 77,,,,,"217 Somewhere Street, Ferst Drive, Yatta Yattaland, 30332, US",,,,,,,,,,,,
GDLQCGIG72ZKGT6QXF4I2X2GDZBQ57HH7DQKSUW3JNIDNVQLMQY7R2XC,Institution 78,,,,,"218 Somewhere Street, Ferst Drive, Yatta Yattaland, 30332, US",,,,,,,,,,,,
GBAWMYWRWEX4ZFMACD4O6VHRH7XVINY37UZBMQDYUUPZ64O2AEIKD33W,Institution 79,,,,,"219 Somewhere Street, Ferst Drive, Yatta Yattaland, 30332, US",,,,,,,,,,,,
GBJ52PINC7BQZDG5GBYEY5K6MGAOASBM3WN2Z2ALZUG72AXNC7QAF4PT,Institution 80,,,,,"220 Somewhere Street, Ferst Drive, Yatta Yattaland, 30332, US",,,,,,,,,,,,
GDPY35KQXQVXMCZSNGYJBGXRU4NKQLL56JPOAYCCA4RRLX3XHNFE4H6S,Institution 81,,,,,"221 Somewhere Street, Ferst Drive, Yatta Yattaland, 30332, US",,,,,,,,,,,,
GDLLDMV4IX3ZZQL3UCF42HNSUTP5IICF5KCHFYNIUDLPROJGFVBWCF36,Institution 82,,,,,"222 Somewhere Street, Ferst Drive, Yatta Yattaland, 30332, US",,,,,,,,,,,,
GATNENKE2JO7S36JFOVCFCMFSXDNEBSZ7X5SPR4LANJTXJMP64BD6WFR,Institution 83,,,,,"223 Somewhere Street, Ferst Drive, Yatta Yattaland, 30332, US",,,,,,,,,,,,
GBBVZR32V2EFVHVZEEUBFGL2YI3NABB7QMKN5DHTLK5GGPOOBH2ZBCBF,Institution 84,,,,,"224 Somewhere Street, Ferst Drive, Yatta Yattaland, 30332, US",,,,,,,,,,,,
GCDCO3TWVI3JUINDQE3IIYHM3A5EYANJMMRJPOUBABSONRB753AUQRQB,Institution 85,,,,,"225 Somewhere Street, Ferst Drive, Yatta Yattaland, 30332, US",,,,,,,,,,,,
GDSLTT6DFJLXMAZKWQPCFZMDWMYJEPNKIVZS7U2HKR3GPRUPOR356TBC,Institution 86,,,,,"226 Somewhere Street, Ferst Drive, Yatta Yattaland, 30332, US",,,,,,,,,,,,
GCMRTGL3QZN5UDAAHKNCMSTW4TELMCEAQTR32PAGNOOKEARPT54WTITR,Institution 87,,,,,"227 Somewhere Street, Ferst Drive, Yatta Yattaland, 30332, US",,,,,,,,,,,,
GDB4JIF2EXMCEQHTIK7MR4INGTC3TEYH5XPCZU4AZEY3BBJILBL6VGNT,Institution 88,,,,,"228 Somewhere Street, Ferst Drive, Yatta Yattaland, 30332, US",,,,,,,,,,,,
GDQ7ZHBNRDLDUMYCBYF4UMXZYN24UWDXKSKGRS7SXJBLFRYIUCWLZZAG,Institution 89,,,,,"229 Somewhere Street, Ferst Drive, Yatta Yattaland, 30332, US",,,,,,,,,,,,
GD4YE2DQTESW7C42FTDNC2VJAS7LBT5ARTP5OTXTJSGPML3FAGNJHXXW,Institution 90,,,,,"230 Somewhere Street, Ferst Drive, Yatta Yattaland, 30332, US",,,,,,,,,,,,
GBOS3UTNF75U5GZVRDYPTYLGALWL2Z5YWPFWFE6G6XYR4UTYKXDMIOSV,Institution 91,,,,,"231 Somewhere Street, Ferst Drive, Yatta Yattaland, 30332, US",,,,,,,,,,,,
GBJNOAAXHMCJGX6EZR35QRPAWPASPAQ22UMETTI22DYJ35FPU5KALSTM,Institution 92,,,,,"232 Somewhere Street, Ferst Drive, Yatta Yattaland, 30332, US",,,,,,,,,,,,
GCHWTSRC3DETQENW7D4BETIADPUOTP4THXG6K5IKASXOXVNBSIZDWNA4,Institution 93,,,,,"233 Somewhere Street, Ferst Drive, Yatta Yattaland, 30332, US",,,,,,,,,,,,
GBQD2STS55FMPLP6SGWOE35AFNBCFF7IO5E34DPSKFFHHT332HBDCDLS,Institution 94,,,,,"234 Somewhere Street, Ferst Drive, Yatta Yattaland, 30332, US",,,,,,,,,,,,
GASHMXOSMH6JUDIATTWIY7XJCCXH776RAKHPF2KT6FCY63VSMXTPNANM,Institution 95,,,,,"235 Somewhere Street, Ferst Drive, Yatta Yattaland, 30332, US",,,,,,,,,,,,
GA22TW5ZFFRB4AC7ALFJ7DOCZCY6JMKLDMSIQBWAA7WQEKHOXW57U342,Institution 96,,,,,"236 Somewhere Street, Ferst Drive, Yatta Yattaland, 30332, US",,,,,,,,,,,,
GDBRS3Q46X4KNYCEGX6HARTESH6PCK53OLFKXI42YM3G7W4ASH5NWCEC,Institution 97,,,,,"237 Somewhere Street, Ferst Drive, Yatta Yattaland, 30332, US",,,,,,,,,,,,
GDSCVAVYZGZWBICFDSLZVYGSRSBSMZYI5QXSVG6DU3VMGJN7CM3XIXQC,Institution 98,,,,,"238 Somewhere Street, Ferst Drive, Yatta Yattaland, 30332, US",,,,,,,,,,,,
GBRODXOP4LLOQA5M23TTNTZ7Q4ARLTA4MZYOVR4KN3DVAMR33GSIJ7BV,Institution 99,,,,,"239 Somewhere Street, Ferst Drive, Yatta Yattaland, 30332, US",,,,,,,,,,,,
GDMM4DC2YH2MVNKYOQH4VYB3Z7QPX6M6XMAZNBJSS2HHDDJ43ZWOEBGK,Institution 100,,,,,"240 Somewhere Street, Ferst Drive, Yatta Yattaland, 30332, US",,,,,,,,,,,,
GAG22DH2QH52NL5JQ72BBSPMTB7WXTRYZKWFJL3S2MITZPIG2T3RTRSP,Institution 101,,,,,"241 Somewhere Street, Ferst Drive, Yatta Yattaland, 30332, US",,,,,,,,,,,,
GCQXLTYRSEDVKGDJE5B7KQ5ZDYVHEAUJXAPARPLZM4WH25D2I6F5PD7B,Institution 102,,,,,"242 Somewhere Street, Ferst Drive, Yatta Yattaland, 30332, US",,,,,,,,,,,,
GBWNCWX6QZYLFYMAGT5CYEVK4HQCVYHBIFEHI75RKU6CUCOTBN6TPLON,Institution 103,,,,,"243 Somewhere Street, Ferst Drive, Yatta Yattaland, 30332, US",,,,,,,,,,,,
GCSIAZ7VY4LKXU4PK42WIOVJC7IV7NBXUANT5EDFCORSFYIY54J3BHPJ,Institution 104,,,,,"244 Somewhere Street, Ferst Drive, Yatta Yattaland, 30332, US",,,,,,,,,,,,
GAP2YRYLYGENLE3NETOP3IY4QIUSC63N5OFU3SXZMOQ6Y5HIALVPPA7E,Institution 105,,,,,"245 Somewhere Street, Ferst Drive, Yatta Yattaland, 30332, US",,,,,,,,,,,,
GBLMBVGIIFHXSI4CQD4Z62HTCUPKXXZOM3I3ZG2Z756MQZVVAF2C5ZGB,Institution 106,,,,,"246 Somewhere Street, Ferst Drive, Yatta Yattaland, 30332, US",,,,,,,,,,,,
GCOHGZF3H3SBQ6KXNE6JBJCAP5LCZWJZX4N7PAVGOSQDJOIGYSFD23PE,Institution 107,,,,,"247 Somewhere Street, Ferst Drive, Yatta Yattaland, 30332, US",,,,,,,,,,,,
GBGYAMSKQYTGETJL35XGUZNHRU7FHKICMPFGKCDJMVFVGBOXGJRXMOMI,Institution 108,,,,,"248 Somewhere Street, Ferst Drive, Yatta Yattaland, 30332, US",,,,,,,,,,,,
GBXG3IEPXYGV6NOTMBIIRLF7QKDLGRHDEH4PMUWDE7KA2IQY6P5ASG4Z,Institution 109,,,,,"249 Somewhere Street, Ferst Drive, Yatta Yattaland, 30332, US",,,,,,,,,,,,
GBEQJI6AY6BUIZB55PN5ESVX7JGQBW2Y7D7MZBLQ4IMDUYAKAGYZ5QOO,Institution 110,,,,,"250 Somewhere Street, Ferst Drive, Yatta Yattaland, 30332, US",,,,,,,,,,,,
GCG5UMOKS4LLKZK6W5K7NNRGV6NK4MDUIAS3NA4MSCO6NRUL6MYR7RJT,Institution 111,,,,,"251 Somewhere Street, Ferst Drive, Yatta Yattaland, 30332, US",,,,,,,,,,,,
GC3QJ2BE7JCK6X4RKCY22JIR7GBTBNUF4FKEGTH67TO6OGBH2F3BNGBN,Institution 112,,,,,"252 Somewhere Street, Ferst Drive, Yatta Yattaland, 30332, US",,,,,,,,,,,,
GATYYOWWYD2VFVU67N5SNPH4FZL2OOBVE7QTDOQPPVSERJQZHLPU5KB3,Institution 113,,,,,"253 Somewhere Street, Ferst Drive, Yatta Yattaland, 30332, US",,,,,,,,,,,,
GAJQH5ZSZJKISAUYH4XUOD6C7JFVAFL57LH3ELX67AARA23N5YS2OYAD,Institution 114,,,,,"254 Somewhere Street, Ferst Drive, Yatta Yattaland, 30332, US",,,,,,,,,,,,
GA5Z25C4VJPQTD24WCS6F3V7ZANYQ2NZZ6D4NVQINIYXE6OJ4OLH5KCS,Institution 115,,,,,"255 Somewhere Street, Ferst Drive, Yatta Yattaland, 30332, US",,,,,,,,,,,,
GCFA6SO3VIYPE6QGLFEHUPDO6RSG2UDZCU4A2I6TWQUMJUM6UNFT7Z4R,Institution 116,,,,,"256 Somewhere Street, Ferst Drive, Yatta Yattaland, 30332, US",,,,,,,,,,,,
GC2LIO2FRDAC5KL3PO43T36X3K3WR4EPRUAUQSYCU2BC2W77SATUVKGE,Institution 117,,,,,"257 Somewhere Street, Ferst Drive, Yatta Yattaland, 30332, US",,,,,,,,,,,,
GBUOW6Y3ZFYKVVPA5Z2II7LUM7L27AFOMDRTF7BP6SH2QTCKLCHXMWTU,Institution 118,,,,,"258 Somewhere Street, Ferst Drive, Yatta Yattaland, 30332, US",,,,,,,,,,,,
GCLLTITTR6PZ23UH2KSX52PY6Z3VNFUEYHALCOMS45IUJOJ7A6XAZX6Z,Institution 119,,,,,"259 Somewhere Street, Ferst Drive, Yatta Yattaland, 30332, US",,,,,,,,,,,,
GCRMXFEV6L3P7Y42CNVJZOU63N5PDCLRQBQCI3YTJG4DFJBYN3IUUUZY,Institution 120,,,,,"260 Somewhere Street, Ferst Drive, Yatta Yattaland, 30332, US",,,,,,,,,,,,
GAII32QLCTEDXFHEFQUCHMMAOIG2IAFRSN3GCP5IX3LSMLI325NBZZE2,Institution 121,,,,,"261 Somewhere Street, Ferst Drive, Yatta Yattaland, 30332, US",,,,,,,,,,,,
GC3JG3BUYBDUN5VZS22762JGIG2E2ELJFQGCJWO7XUPENM5SNAKJL5ZK,Institution 122,,,,,"262 Somewhere Street, Ferst Drive, Yatta Yattaland, 30332, US",,,,,,,,,,,,
GAETJTV3CEISSX7K3RGCQENWGAQH2ALZUXNRJ5XLDTEKYNFCRPWSITHR,Institution 123,,,,,"263 Somewhere Street, Ferst Drive, Yatta Yattaland, 30332, US",,,,,,,,,,,,
GC5N2OYTRDRKB7EWHTLD6JNQXDPTVDXZJ3BFYLHGH76TH37VI3D55MLK,Institution 124,,,,,"264 Somewhere Street, Ferst Drive, Yatta Yattaland, 30332, US",,,,,,,,,,,,
GBAI7XUON5MKHW2ERJSNPUR7MBMQNV7CLSLPNTJKTINXDV3ES7P6NJ6G,Institution 125,,,,,"265 Somewhere Street, Ferst Drive, Yatta Yattaland, 30332, US",,,,,,,,,,,,
GB6CYYERSNGS7NQHKKIG5HCFRAH5TWNXU6MJOB6FYDDOPIIBBNHPNZL7,Institution 126,,,,,"266 Somewhere Street, Ferst Drive, Yatta Yattaland, 30332, US",,,,,,,,,,,,
GD37WECSMMJEJCIFTUBYHGTLTLGPLYEERGT5ERQ2FNMLKAQE3XR6KFGW,Institution 127,,,,,"267 Somewhere Street, Ferst Drive, Yatta Yattaland, 30332, US",,,,,,,,,,,,
GDGNYTEG3GH2JF7MTESCHAFSZKIGBUEJYER67JOWSAOOMHSUVSVE3WUO,Institution 128,,,,,"268 Somewhere Street, Ferst Drive, Yatta Yattaland, 30332, US",,,,,,,,,,,,
GD2FOC5WL6TWMPHJYIS3D77QUDADY6U7SA77TRPN445GPDCLDBMRFICR,Institution 129,,,,,"269 Somewhere Street, Ferst Drive, Yatta Yattaland, 30332, US",,,,,,,,,,,,
GD7SCJUI5Y2XYLP63PMXRFRVBYZ7PLI6N6EMY6WORTRQASERHOKZMCJD,Institution 130,,,,,"270 Somewhere Street, Ferst Drive, Yatta Yattaland, 30332, US",,,,,,,,,,,,
GD6VMPYZU24F2RET75R4KZS6ZCNDGG7WKLUJSBCFTSIUJQ5CF2NSTV2Z,Institution 131,,,,,"271 Somewhere Street, Ferst Drive, Yatta Yattaland, 30332, US",,,,,,,,,,,,
GBCL6GV3PUNPNJVQN2I43TUA3QHM4NVIGWBMISDITBY5EFLJRSMQSOLG,Institution 132,,,,,"272 Somewhere Street, Ferst Drive, Yatta Yattaland, 30332, US",,,,,,,,,,,,
GBMDLWCUR446ZGM7GR3VPYEB2XEZKLDWX4AZ6YVVPHBXVO5YXXEBP4HY,Institution 133,,,,,"273 Somewhere Street, Ferst Drive, Yatta Yattaland, 30332, US",,,,,,,,,,,,
GAIHZTADFTDBZEX2LAMKGR55XWUXJZDPBD3Y2RNC6CTGP3WQF64TPHOK,Institution 134,,,,,"274 Somewhere Street, Ferst Drive, Yatta Yattaland, 30332, US",,,,,,,,,,,,
GDBIOY64Q2VUGEYUHW2QWTOXOMLHQ47BXU7HLLXHRQAL3ZLNZ6IO72EF,Institution 135,,,,,"275 Somewhere Street, Ferst Drive, Yatta Yattaland, 30332, US",,,,,,,,,,,,
GDILFUJ6UE2RAROMLSWEHEYOUCA5DFN76GNME2YW3H45SNHLFGTKZFGE,Institution 136,,,,,"276 Somewhere Street, Ferst Drive, Yatta Yattaland, 30332, US",,,,,,,,,,,,
GBJD52Q5G5JOZSTNZO777CSV2ZQUJOIZBVAIE54ELCTWSKRLFRVOCVES,Institution 137,,,,,"277 Somewhere Street, Ferst Drive, Yatta Yattaland, 30332, US",,,,,,,,,,,,
GCJ7FVVWIFIGBYAWFMQCNGYI5R33B4AQSRQCTMJGI7RIKR32M2XQJROP,Institution 138,,,,,"278 Somewhere Street, Ferst Drive, Yatta Yattaland, 30332, US",,,,,,,,,,,,
GD645YXYS67Y2I6627K3L3R6TX3L4RG2657MYION7L6USDNFE745UEXG,Institution 139,,,,,"279 Somewhere Street, Ferst Drive, Yatta Yattaland, 30332, US",,,,,,,,,,,,
GCO2DVVEZMXZRFLWNJRO6ELKTE7S3VYJINLGA7FXFN4Y2DK2TL5NTAEL,Institution 140,,,,,"280 Somewhere Street, Ferst Drive, Yatta Yattaland, 30332, US",,,,,,,,,,,,
GAVVRDEVTHXLYXO4JFLLCRWWI6K4TFY2T3KCEWHCZNPTXWEPPXSJMPPE,Institution 141,,,,,"281 Somewhere Street, Ferst Drive, Yatta Yattaland, 30332, US",,,,,,,,,,,,
GBJH32HFTAG7WYDVXGA3CWE2FWPX5QSGS2RDN6V6MUBML2DIGGTJXH3Q,Institution 142,,,,,"282 Somewhere Street, Ferst Drive, Yatta Yattaland, 30332, US",,,,,,,,,,,,
GC6K2SMAJ5EVF74MVNAN6WD4BCDKUYHSMVPMCF4H6LU636N2VYNB4NPS,Institution 143,,,,,"283 Somewhere Street, Ferst Drive, Yatta Yattaland, 30332, US",,,,,,,,,,,,
GBE5AIRF7TZMCLXM4XOI5ISUA4FICHCU6RKO2OSV6RQXIOMGB7WDN374,Institution 144,,,,,"284 Somewhere Street, Ferst Drive, Yatta Yattaland, 30332, US",,,,,,,,,,,,
GCKZRUFJQTBZHUWUPJXJZN7HBWHQYJY55MHO6WI757BAR4ZUYHQKLCMB,Institution 145,,,,,"285 Somewhere Street, Ferst Drive, Yatta Yattaland, 30332, US",,,,,,,,,,,,
GBYL6WRGJELBJBIUNUZZAXMFWAQRI7RSV6UEO5GX7K2XAEWSUGEZCH3A,Institution 146,,,,,"286 Somewhere Street, Ferst Drive, Yatta Yattaland, 30332, US",,,,,,,,,,,,
GC4VTKPVTBMZHR245EZ4FWVK7JIHVG33XFTMI4X65US3J5OXXTBHPDNM,Institution 147,,,,,"287 Somewhere Street, Ferst Drive, Yatta Yattaland, 30332, US",,,,,,,,,,,,
GCGS4YZOVUAHSK7IHUQ6IXHWMU37VMH6EXT5MR7JRHTNTJLFYWLN7LAV,Institution 148,,,,,"288 Somewhere Street, Ferst Drive, Yatta Yattaland, 30332, US",,,,,,,,,,,,
GB6NPU7TVDR37A6M6III322EB4FJYNLY3I74XCY7EEF4TJEARU6AZP3Z,Institution 149,,,,,"289 Somewhere Street, Ferst Drive, Yatta Yattaland, 30332, US",,,,,,,,,,,,
GBNHRDSQA4DCMSNW4OC57JLSMTNSJ73YPVHLVH24BBF46JBDGR2A5CKE,Institution 150,,,,,"290 Somewhere Street, Ferst Drive, Yatta Yattaland, 30332, US",,,,,,,,,,,,
GBA5B7GOXQG6XDSGYLUZK2EM46PAYPYWJZ4NBEAJGQPVXUJR74PHARHS,Institution 151,,,,,"291 Somewhere Street, Ferst Drive, Yatta Yattaland, 30332, US",,,,,,,,,,,,
GAQFXA3EXMHB7UJUEKUKTHROMAQBKUEUBV27IFMJJEAJ7QPHWL6763AD,Institution 152,,,,,"292 Somewhere Street, Ferst Drive, Yatta Yattaland, 30332, US",,,,,,,,,,,,
GB4HJ7EMSTR4PIX6MIOUKWRCJSUSDMMYGKJRZDET5KW7XSX6QCEVK3W5,Institution 153,,,,,"293 Somewhere Street, Ferst Drive, Yatta Yattaland, 30332, US",,,,,,,,,,,,
GDCNZUT7VWEZIEXOLDAEZG2ZEMN3FWNMELCOYV4GYK3C44I472TZUXCI,Institution 154,,,,,"294 Somewhere Street, Ferst Drive, Yatta Yattaland, 30332, US",,,,,,,,,,,,
GAAN3QVM2T2JVGWXI3AEKGCJRZ34TK7GDBCMXLKC77UXXGAECZEYKMHU,Institution 155,,,,,"295 Somewhere Street, Ferst Drive, Yatta Yattaland, 30332, US",,,,,,,,,,,,
GDX4KKKAB3KGFPMM6RNCTQHULWKKJTLSQBDXAC7RPIFKWBOMIUN5NZAQ,Institution 156,,,,,"296 Somewhere Street, Ferst Drive, Yatta Yattaland, 30332, US",,,,,,,,,,,,
GALH5OJKUKJSMRKYCOVW6PDYNKXIHBZ7TSTHQXOOUNXTSHDL4DOEQS43,Institution 157,,,,,"297 Somewhere Street, Ferst Drive, Yatta Yattaland, 30332, US",,,,,,,,,,,,
GDJC3AWAXKPQRRGRFBO2FHWLDCSAO4SWTQZEZ6FOIPZPAMZKSK5YSNRW,Institution 158,,,,,"298 Somewhere Street, Ferst Drive, Yatta Yattaland, 30332, US",,,,,,,,,,,,
GBY5MUARC5PM564KF57FMNP2MCIH7AP26DY3WSETVLNKZJVP557LRALU,Institution 159,,,,,"299 Somewhere Street, Ferst Drive, Yatta Yattaland, 30332, US",,,,,,,,,,,,
GBYZTWHK5UCCZML5WZIU657NLUSSFFYFEMV6KXPXLI3ZHKGDX5RXYP3L,Institution 160,,,,,"300 Somewhere Street, Ferst Drive, Yatta Yattaland, 30332, US",,,,,,,,,,,,
GC2TFVZE32P5POLR7LLGWEVVC37QBBLQ5UDEYR3HCILKDJIBWLBCS47P,Institution 161,,,,,"301 Somewhere Street, Ferst Drive, Yatta Yattaland, 30332, US",,,,,,,,,,,,
GDQLK2U76ECQL2KJ7GIQKDUDJWSNEQRQPZFDWZDZHHILBHYSUD3NCWCI,Institution 162,,,,,"302 Somewhere Street, Ferst Drive, Yatta Yattaland, 30332, US",,,,,,,,,,,,
GBUPRGS3VITXKOYGUQ4ZNZF5WNQY7T7VI2NVBZJHZDQFJ7Y7CVKAMMK5,Institution 163,,,,,"303 Somewhere Street, Ferst Drive, Yatta Yattaland, 30332, US",,,,,,,,,,,,
GBSHHKF5ROB5OTPXNECO4LIO5R2DQWZEMFWLQ3RJDVPCNODL744BLBCE,Institution 164,,,,,"304 Somewhere Street, Ferst Drive, Yatta Yattaland, 30332, US",,,,,,,,,,,,
GAFQ3RZOWWBFRGQ627DYQBU6ZEVZNF35WBVDH36FGSIOBPTM4K2IEZRI,Institution 165,,,,,"305 Somewhere Street, Ferst Drive, Yatta Yattaland, 30332, US",,,,,,,,,,,,
GATCYQ7EHB2IWEEHU5TWMTU5DM6EG26ECW4IPJAJJU7SV4GPB526EI7L,Institution 166,,,,,"306 Somewhere Street, Ferst Drive, Yatta Yattaland, 30332, US",,,,,,,,,,,,
GDDNRISPHHGX4EJ2AOUTCIAMYPNUP2FWO73IBSBJ3ZCPWUGIHNSP4EGH,Institution 167,,,,,"307 Somewhere Street, Ferst Drive, Yatta Yattaland, 30332, US",,,,,,,,,,,,
GBEUMJB57AKOARL33TSEM42VZR3OEYXMXSSW2MG6B4XQPATQMGVYZQQ7,Institution 168,,,,,"308 Somewhere Street, Ferst Drive, Yatta Yattaland, 30332, US",,,,,,,,,,,,
GAMJB72QBQZJ35TP5FWEJYPCQ27WDLQHRM33Q5LAXTSSH2LWNJ52TWAO,Institution 169,,,,,"309 Somewhere Street, Ferst Drive, Yatta Yattaland, 30332, US",,,,,,,,,,,,
GD6QTK2E76PNTZE5KG4MYLJBA3CRXX2ML566QJS5SPOQU74HL67Q63QO,Institution 170,,,,,"310 Somewhere Street, Ferst Drive, Yatta Yattaland, 30332, US",,,,,,,,,,,,
GCECDMA55VJQTTNKLL4CMRRWBEW67O4SQLJ3LYNGHBG3YP2WRJR7HUEG,Institution 171,,,,,"311 Somewhere Street, Ferst Drive, Yatta Yattaland, 30332, US",,,,,,,,,,,,
GDSDOWDG3YFU5XQ7AILHWKFZHG26P55D7MGGZNV5RDNEGIEMAIQKUVL4,Institution 172,,,,,"312 Somewhere Street, Ferst Drive, Yatta Yattaland, 30332, US",,,,,,,,,,,,
GCA6ZGEH7DY7QB2OKAY6F7A7TKEEKKLWDU7W5E2PSNIWHCLLRUDWXEXD,Institution 173,,,,,"313 Somewhere Street, Ferst Drive, Yatta Yattaland, 30332, US",,,,,,,,,,,,
GCKVG5FCEDQGLGZLSZAFNAVNHQSISWTGNI5I2IPNZJ6G673ONQCT6JZI,Institution 174,,,,,"314 Somewhere Street, Ferst Drive, Yatta Yattaland, 30332, US",,,,,,,,,,,,
GD56IZEVTZ24HJCPAOEWKIBU27EFSEDVQTVK74TCOW3FABRZ2U4INRTS,Institution 175,,,,,"315 Somewhere Street, Ferst Drive, Yatta Yattaland, 30332, US",,,,,,,,,,,,
GCG22DVOXRFZ6XDZNWQ4JK2KCVQR6T2P7JI67Q2PTCMG3PZRT6V3MKJE,Institution 176,,,,,"316 Somewhere Street, Ferst Drive, Yatta Yattaland, 30332, US",,,,,,,,,,,,
GDGEQG2VLBCJNEXURUNFHUHFRRJ7XZJ67BB2YP2NXW5QIHJ3FHTEE37W,Institution 177,,,,,"317 Somewhere Street, Ferst Drive, Yatta Yattaland, 30332, US",,,,,,,,,,,,
GCVCXDLDA3KVQPE2H4YT44LAZAJGKJPMLBBA4ZOXZU64MJHL5BELH6ZK,Institution 178,,,,,"318 Somewhere Street, Ferst Drive, Yatta Yattaland, 30332, US",,,,,,,,,,,,
GABAGAG3KWR6SLIZHBABEG375HO6J7FH7EQWYUGHA65MGHST4UL7IPOM,Institution 179,,,,,"319 Somewhere Street, Ferst Drive, Yatta Yattaland, 30332, US",,,,,,,,,,,,
GDBIKI7A675ECY5PRKZUVJUSAJI5VQVNCXXROCLCMREB7FQE6I2HCDWQ,Institution 180,,,,,"320 Somewhere Street, Ferst Drive, Yatta Yattaland, 30332, US",,,,,,,,,,,,
GBGVQPJW36U3DCYKYEZQXEHVBYEKKMIN45ZJOFBB4HSCX6XJUSSFLHCG,Institution 181,,,,,"321 Somewhere Street, Ferst Drive, Yatta Yattaland, 30332, US",,,,,,,,,,,,
GCGDRAAIZQ45W3266SVWFVNWXCHTTBGU7WH4OCBOWOCBYPPTWEUX3VHD,Institution 182,,,,,"322 Somewhere Street, Ferst Drive, Yatta Yattaland, 30332, US",,,,,,,,,,,,
GAFRSBPBSYPRWPEDQKZ3SAU4FGW7CWM2A4Q3Y2C3LHMHL7ZCC6ZP2JL4,Institution 183,,,,,"323 Somewhere Street, Ferst Drive, Yatta Yattaland, 30332, US",,,,,,,,,,,,
GAHZ5IOJWNM7OT77TXQNQ5GEBCKX4IV2LZX6XGX3G7SOBJYXAVD2MLJP,Institution 184,,,,,"324 Somewhere Street, Ferst Drive, Yatta Yattaland, 30332, US",,,,,,,,,,,,
GCXFYNST6N4QSYIGPRA5JMG7PN6UWGVTKZEYC2V6NVQFGJNUB3M3L4ZZ,Institution 185,,,,,"325 Somewhere Street, Ferst Drive, Yatta Yattaland, 30332, US",,,,,,,,,,,,
GCTMVDMIUCF5QIDOS4UHNVHJRRR43AW5GA47BFQXL6A6IIGKA7MWXKHO,Institution 186,,,,,"326 Somewhere Street, Ferst Drive, Yatta Yattaland, 30332, US",,,,,,,,,,,,
GAQBGKD4HNLWBEDWJHWZIMD5SA737MH2NN5W2Q67MWLWXM4ZYAUAKM3Z,Institution 187,,,,,"327 Somewhere Street, Ferst Drive, Yatta Yattaland, 30332, US",,,,,,,,,,,,
GASQGU7EDNR55LLVQGL3NVWCOMXGKZUM5IR4KVPAGCWAZQB7L65KAS6E,Institution 188,,,,,"328 Somewhere Street, Ferst Drive, Yatta Yattaland, 30332, US",,,,,,,,,,,,
GD7ZXCBSBIJ2V2UFCFI6GPERWE4Z24XIHOXK6IETF2X7BT6Y2MRA7ZLK,Institution 189,,,,,"329 Somewhere Street, Ferst Drive, Yatta Yattaland, 30332, US",,,,,,,,,,,,
GAWXM72MSTW2M7T542XZRCBCBQ4J34XK6ODCYKRLMKXEJNIJFSCFL2O6,Institution 190,,,,,"330 Somewhere Street, Ferst Drive, Yatta Yattaland, 30332, US",,,,,,,,,,,,
GDVAZSJLRCV43VTD3A326VARUKWMD3UBXC5JBUDO3IJKN6IH72YXJMLA,Institution 191,,,,,"331 Somewhere Street, Ferst Drive, Yatta Yattaland, 30332, US",,,,,,,,,,,,
GDLEYLF2A6PNKP34UZUCABBQ6IPMKPSQ4T2XXG7IQTSV7B7KI226LQVU,Institution 192,,,,,"332 Somewhere Street, Ferst Drive, Yatta Yattaland, 30332, US",,,,,,,,,,,,
GD763X3BPBJFQNNI3M5ILT6DQGRDVXJPLVCYTE6V4IXD5DE435X3ABOX,Institution 193,,,,,"333 Somewhere Street, Ferst Drive, Yatta Yattaland, 30332, US",,,,,,,,,,,,
GCASLF3I7FYAOSPAZDFWEPY242OPRWBQFTUH2RVEPJCOTIAR5CMWCBMY,Institution 194,,,,,"334 Somewhere Street, Ferst Drive, Yatta Yattaland, 30332, US",,,,,,,,,,,,
GDLZXLWEFVEVK5TKGTWR7XYNRCXXNHFMMU5AANUHXMJJC7ZASRE63VZA,Institution 195,,,,,"335 Somewhere Street, Ferst Drive, Yatta Yattaland, 30332, US",,,,,,,,,,,,
GCROOUCLDU6GSGHA3L6OTE7L3SLCY3GXCQS7MA56NXROS6P2T5E7B6ZI,Institution 196,,,,,"336 Somewhere Street, Ferst Drive, Yatta Yattaland, 30332, US",,,,,,,,,,,,
GBOAGG4DGIE7LJ4PDUJ422QVJQ4BFM5GYIJZXMABIOL2B6U4UQ6MD5UA,Institution 197,,,,,"337 Somewhere Street, Ferst Drive, Yatta Yattaland, 30332, US",,,,,,,,,,,,
GBTP37J5G5STHYDULSDLCK4G24RKTYM5G7FWO537KW72RLLOEUGDEJS6,Institution 198,,,,,"338 Somewhere Street, Ferst Drive, Yatta Yattaland, 30332, US",,,,,,,,,,,,
GAWIRYV6TQ2U5MDXJ3IYGRNKFZIDEROXE4GBVZJH5X3DUKCDDBX3WR2U,Institution 199,,,,,"339 Somewhere Street, Ferst Drive, Yatta Yattaland, 30332, US",,,,,,,,,,,,
GAE2FGZ67UUQPQKQANGQBMWJ4GJ324QOFFKM7PMVBOZJXGLIAPITPE35,Institution 200,,,,,"340 Somewhere Street, Ferst Drive, Yatta Yattaland, 30332, US",,,,,,,,,,,,
GDZFIYH3I5SJ5ZWSGKUIWIMLCKV5QHOJTW7IRRIYL7X6AT6TZB23PQ7T,Institution 201,,,,,"341 Somewhere Street, Ferst Drive, Yatta Yattaland, 30332, US",,,,,,,,,,,,
GDBBJBQVEMJZIQCH5OOLEV5S2PCCVL6EH5R5XFCCBCK557GK5JBG5H4W,Institution 202,,,,,"342 Somewhere Street, Ferst Drive, Yatta Yattaland, 30332, US",,,,,,,,,,,,
GAAKNL2K5DGBPHKCC6APKEVVBRK4J5OEAMR22QWYKWVKHKMK6YLVRPEX,Institution 203,,,,,"343 Somewhere Street, Ferst Drive, Yatta Yattaland, 30332, US",,,,,,,,,,,,
GDF5AZZUFPCKUWP5DVTJ6HQQZKQD23A25S3QRFKZD6WQZQAV53EDD6HD,Institution 204,,,,,"344 Somewhere Street, Ferst Drive, Yatta Yattaland, 30332, US",,,,,,,,,,,,
GDU3BJ6V4DUJANMTAP75ZMKCSXLV4DTTKYR7KMBHO2D67DYMLR2PKVBH,Institution 205,,,,,"345 Somewhere Street, Ferst Drive, Yatta Yattaland, 30332, US",,,,,,,,,,,,
GCOJ4NIR5LKAMYU4BUPO6HKYPRZUQSSI2L3HSK3EUOPK3HOTSUJJABYF,Institution 206,,,,,"346 Somewhere Street, Ferst Drive, Yatta Yattaland, 30332, US",,,,,,,,,,,,
GAMU5TQFUMDGVKYQPPDCD2MKKUUWELSQAEKNNU4RFQCWFSRBPJA2MAGQ,Institution 207,,,,,"347 Somewhere Street, Ferst Drive, Yatta Yattaland, 30332, US",,,,,,,,,,,,
GB6WGDQF3I2BQ7LYAGFQVSTVWRGBGWKAE7W5MVTFDRVAUJU5ELUNVBRL,Institution 208,,,,,"348 Somewhere Street, Ferst Drive, Yatta Yattaland, 30332, US",,,,,,,,,,,,
GCHUAUKOJCCYYQPB6AZLSWCYRFROL6PHZQ52RM3EQWEGBUMURAFWUDSV,Institution 209,,,,,"349 Somewhere Street, Ferst Drive, Yatta Yattaland, 30332, US",,,,,,,,,,,,
GBGZYDZOQNM4LZCFHLXEPRGWKU5UYD4EWFE2HI4JC4S6WUZMC6Z64G4Y,Institution 210,,,,,"350 Somewhere Street, Ferst Drive, Yatta Yattaland, 30332, US",,,,,,,,,,,,
GDYRJ2IPM4QCMRBBSFSA3NHYXTUZJI7EHGG4RKZOG2JUNTPM366RD6K2,Institution 211,,,,,"351 Somewhere Street, Ferst Drive, Yatta Yattaland, 30332, US",,,,,,,,,,,,
GDQARLBODWZHL5OLLEY2XYE3O757H7DS6NJDUWZZZUYQCK6OB57ZO4JX,Institution 212,,,,,"352 Somewhere Street, Ferst Drive, Yatta Yattaland, 30332, US",,,,,,,,,,,,
GDTBAUGIAR7C6QDN6JKWESWN7ENIUADLWIHN6E5DVQSI6JS6LGVBXHBB,,CEO,Mark,Laszlo,,"444 Somewhere Street, Ferst Drive, Yatta Yattaland, 30332, US",,,,,,,,,,,,
GDI4QUYTIADWOETSUWD6B53IJCTD36KHRGGBA4Y7TFYC62MATNNTIEE5,,CFO,Mark,Laszlo,,"445 Somewhere Street, Ferst Drive, Yatta Yattaland, 30332, US",,,,,,,,,,,,
GCQR36IP5IOBPYD3NXEFR2FJC5DCAQHJIZFBUCZMA27BW3FAFXWSTUHN,,CIO,Mark,Laszlo,,"446 Somewhere Street, Ferst Drive, Yatta Yattaland, 30332, US",,,,,,,,,,,,
GBJRRWJVCIHKBLA2VRXJGFBBWKFP6OV6AMQKGN5N63NIIHN5T4XV5ZM4,,CISO ,Mark,Laszlo,,"447 Somewhere Street, Ferst Drive, Yatta Yattaland, 30332, US",,,,,,,,,,,,
GC3WSRWNAGZXUHWZ6LHQTZXDLD4O43READL5RUBRR24ZCJ2DTBGQ3262,,Big Manager 1,Mark,Laszlo,,"448 Somewhere Street, Ferst Drive, Yatta Yattaland, 30332, US",,,,,,,,,,,,
GASUU7YZMDCG6ZNOKAFGARHUZ4QDPI7M3NKOOF4OMM75FK33M7TIUJ7D,,Big Manager 2,Mark,Laszlo,,"449 Somewhere Street, Ferst Drive, Yatta Yattaland, 30332, US",,,,,,,,,,,,
GBNVQF7UMKNWRDUSXIEYDZED62QEZGQ6JVZMATJTFCB3AKYBNLJBDLSI,,Big Manager 3,Mark,Laszlo,,"450 Somewhere Street, Ferst Drive, Yatta Yattaland, 30332, US",,,,,,,,,,,,
GBNNMKFRZG2SIXHN5KFEY4MPU4M4D2SPHCIFAN4AKCBTZ6P72FMFKWRO,,Big Manager 4,Mark,Laszlo,,"451 Somewhere Street, Ferst Drive, Yatta Yattaland, 30332, US",,,,,,,,,,,,
GCWEY4FMFE3EJHN64ZJDFOWYFGBWMJ2KJX4KG25WC23PVEOCAP6EDLPD,,Big Manager 5,Mark,Laszlo,,"452 Somewhere Street, Ferst Drive, Yatta Yattaland, 30332, US",,,,,,,,,,,,
GDICZUVZMFLPC3WE7GY7CAZSQCSX5SKSU45ZK7HIRT4QHVQGR7L55XEL,,Big Manager 6,Mark,Laszlo,,"453 Somewhere Street, Ferst Drive, Yatta Yattaland, 30332, US",,,,,,,,,,,,
GAE5PV2IJOV55JITJWGDNLJU7NSPIDLY6MCONVHR4W3MI2MEEK5IJROK,,Big Manager 7,Mark,Laszlo,,"454 Somewhere Street, Ferst Drive, Yatta Yattaland, 30332, US",,,,,,,,,,,,
GBIDUO3ZN3FAOXMI4MZXJASZIV6RWIXXFEXTPV43PJPRJRZFJGPFDVF6,,Big Manager 8,Mark,Laszlo,,"455 Somewhere Street, Ferst Drive, Yatta Yattaland, 30332, US",,,,,,,,,,,,
