Shares as of 2021-07-10,Percent of Total Shares,Registration,Email,Date of Birth / Organization,Address,Address Extra,City,State,Postal Code,Country,Onboarded Date,Issue Date of Security,Cancellation Date of Security,Restricted Shares Notes
2000.0,1.99999980000002e-06,Mark Mayers,real_email_for_shareholder_communication@gmx.com,9/3/1978,368 Georgia Tech Sta,595 Ferst Dr,Atlanta,GA,30577,USA,9/2/2000,1/1/2018,,RESTRICTED MARK: Vested until 2022
2000.0,1.99999980000002e-06,Mark Mayers,real_email_for_shareholder_communication@gmx.com,9/4/1978,369 Georgia Tech Sta,596 Ferst Dr,Atlanta,GA,30578,USA,9/3/2000,1/2/2018,,RESTRICTED MARK: Vested until 2023
2000.0,1.99999980000002e-06,Mark Mayers,real_email_for_shareholder_communication@gmx.com,9/5/1978,370 Georgia Tech Sta,597 Ferst Dr,Atlanta,GA,30579,USA,9/4/2000,1/3/2018,,RESTRICTED MARK: Vested until 2024
2000.0,1.99999980000002e-06,Mark Mayers,real_email_for_shareholder_communication@gmx.com,9/6/1978,371 Georgia Tech Sta,598 Ferst Dr,Atlanta,GA,30580,USA,9/5/2000,1/4/2018,,RESTRICTED MARK: Vested until 2025
2000.0,1.99999980000002e-06,Mark Mayers,real_email_for_shareholder_communication@gmx.com,9/7/1978,372 Georgia Tech Sta,599 Ferst Dr,Atlanta,GA,30581,USA,9/6/2000,1/5/2018,,RESTRICTED MARK: Vested until 2026
6944743984.601246,6.944743290126917,Cede & Co.,real_email_for_shareholder_communication@gmx.com,1/1/1978,123 Georgia Tech Sta,350 Ferst Dr,Atlanta,GA,30332,USA,1/1/2000,,,
816533054.5990319,0.8165329729457347,Hillhouse Capital Advisors Ltd.,real_email_for_shareholder_communication@gmx.com,1/2/1978,124 Georgia Tech Sta,351 Ferst Dr,Atlanta,GA,30333,USA,1/2/2000,,,
140000049.9673779,0.1400000359673743,Morgan Stanley,real_email_for_shareholder_communication@gmx.com,1/3/1978,125 Georgia Tech Sta,352 Ferst Dr,Atlanta,GA,30334,USA,1/3/2000,,,
253939120.917372,0.25393909552346244,Credit Suisse Ag,real_email_for_shareholder_communication@gmx.com,1/4/1978,126 Georgia Tech Sta,353 Ferst Dr,Atlanta,GA,30335,USA,1/4/2000,,,
107433962.8257979,0.1074339520824027,"Goldman Sachs Group, Inc.",real_email_for_shareholder_communication@gmx.com,1/5/1978,127 Georgia Tech Sta,354 Ferst Dr,Atlanta,GA,30336,USA,1/5/2000,,,
100909999.9800725,0.10090998988907351,UBS Group AG,real_email_for_shareholder_communication@gmx.com,1/6/1978,128 Georgia Tech Sta,355 Ferst Dr,Atlanta,GA,30337,USA,1/6/2000,,,
100000000.0,0.099999990000001,Nomura Holdings Inc.,real_email_for_shareholder_communication@gmx.com,1/7/1978,129 Georgia Tech Sta,356 Ferst Dr,Atlanta,GA,30338,USA,1/7/2000,,,
87319314.7489998,0.0873193060170692,Blackrock Inc.,real_email_for_shareholder_communication@gmx.com,1/8/1978,130 Georgia Tech Sta,357 Ferst Dr,Atlanta,GA,30339,USA,1/8/2000,,,
77822584.4146065,0.07782257663234883,"Vanguard Group, Inc. (The)",real_email_for_shareholder_communication@gmx.com,1/9/1978,131 Georgia Tech Sta,358 Ferst Dr,Atlanta,GA,30340,USA,1/9/2000,,,
71794871.7948717,0.07179486461538524,Canada Pension Plan Investment Board,real_email_for_shareholder_communication@gmx.com,1/10/1978,132 Georgia Tech Sta,359 Ferst Dr,Atlanta,GA,30341,USA,1/10/2000,,,
71672988.1237985,0.0716729809565004,Bank of America Corporation,real_email_for_shareholder_communication@gmx.com,1/11/1978,133 Georgia Tech Sta,360 Ferst Dr,Atlanta,GA,30342,USA,1/11/2000,,,
69000000.0,0.06899999310000068,Vanguard International Stock Index-Total Intl Stock Indx,real_email_for_shareholder_communication@gmx.com,1/12/1978,134 Georgia Tech Sta,361 Ferst Dr,Atlanta,GA,30343,USA,1/12/2000,,,
27206696.666805,0.027206693946135604,Vanguard International Stock Index-Emerging Markets Stk,real_email_for_shareholder_communication@gmx.com,1/13/1978,135 Georgia Tech Sta,362 Ferst Dr,Atlanta,GA,30344,USA,1/13/2000,,,
59317211.8999289,0.059317205968208296,KraneShares CSI China Internet ETF,real_email_for_shareholder_communication@gmx.com,1/14/1978,136 Georgia Tech Sta,363 Ferst Dr,Atlanta,GA,30345,USA,1/14/2000,,,
55000000.0,0.05499999450000055,iShares Core MSCI Emerging Markets ETF,real_email_for_shareholder_communication@gmx.com,1/15/1978,137 Georgia Tech Sta,364 Ferst Dr,Atlanta,GA,30346,USA,1/15/2000,,,
50000000.0,0.0499999950000005,iShares MSCI Emerging Markets ETF,real_email_for_shareholder_communication@gmx.com,1/16/1978,138 Georgia Tech Sta,365 Ferst Dr,Atlanta,GA,30347,USA,1/16/2000,,,
45250000.0,0.04524999547500045,Delaware Group Global & International Funds-Emerging Markets Fd,real_email_for_shareholder_communication@gmx.com,1/17/1978,139 Georgia Tech Sta,366 Ferst Dr,Atlanta,GA,30348,USA,1/17/2000,,,
43000000.0,0.04299999570000043,iShares MSCI China ETF,real_email_for_shareholder_communication@gmx.com,1/18/1978,140 Georgia Tech Sta,367 Ferst Dr,Atlanta,GA,30349,USA,1/18/2000,,,
32217605.9738696,0.032217602752109324,Amplify Online Retail ETF,real_email_for_shareholder_communication@gmx.com,1/19/1978,141 Georgia Tech Sta,368 Ferst Dr,Atlanta,GA,30350,USA,1/19/2000,,,
34995692.4936609,0.034995688994092,Vanguard Intl Equity Index Fds-FTSE All World ex U.S. Index Fund,real_email_for_shareholder_communication@gmx.com,1/20/1978,142 Georgia Tech Sta,369 Ferst Dr,Atlanta,GA,30351,USA,1/20/2000,,,
36278556.229436,0.03627855260158074,Wells Fargo Emerging Markets Equity Fd,real_email_for_shareholder_communication@gmx.com,1/21/1978,143 Georgia Tech Sta,370 Ferst Dr,Atlanta,GA,30352,USA,1/21/2000,,,
29100490.1564246,0.029100487246375872,Brokerage 1,real_email_for_shareholder_communication@gmx.com,1/22/1978,144 Georgia Tech Sta,371 Ferst Dr,Atlanta,GA,30353,USA,1/22/2000,,,
28266300.9925807,0.028266298165950884,Brokerage 2,real_email_for_shareholder_communication@gmx.com,1/23/1978,145 Georgia Tech Sta,372 Ferst Dr,Atlanta,GA,30354,USA,1/23/2000,,,
25000000.0,0.02499999750000025,Brokerage 3,real_email_for_shareholder_communication@gmx.com,1/24/1978,146 Georgia Tech Sta,373 Ferst Dr,Atlanta,GA,30355,USA,1/24/2000,,,
24540040.2381054,0.024540037784101625,Brokerage 4,real_email_for_shareholder_communication@gmx.com,1/25/1978,147 Georgia Tech Sta,374 Ferst Dr,Atlanta,GA,30356,USA,1/25/2000,,,
23500000.0,0.023499997650000236,Brokerage 5,real_email_for_shareholder_communication@gmx.com,1/26/1978,148 Georgia Tech Sta,375 Ferst Dr,Atlanta,GA,30357,USA,1/26/2000,,,
22807240.1618819,0.022807237881158113,Brokerage 6,real_email_for_shareholder_communication@gmx.com,1/27/1978,149 Georgia Tech Sta,376 Ferst Dr,Atlanta,GA,30358,USA,1/27/2000,,,
22727272.7272727,0.022727270454545655,HFT 7,real_email_for_shareholder_communication@gmx.com,1/28/1978,150 Georgia Tech Sta,377 Ferst Dr,Atlanta,GA,30359,USA,1/28/2000,,,
21000000.0,0.02099999790000021,Hedge Fund 8,real_email_for_shareholder_communication@gmx.com,1/29/1978,151 Georgia Tech Sta,378 Ferst Dr,Atlanta,GA,30360,USA,1/29/2000,,,
20555555.0992908,0.020555553043735495,Institution 9,real_email_for_shareholder_communication@gmx.com,1/30/1978,152 Georgia Tech Sta,379 Ferst Dr,Atlanta,GA,30361,USA,1/30/2000,,,
19999999.988764,0.0199999979887642,Institution 10,real_email_for_shareholder_communication@gmx.com,1/31/1978,153 Georgia Tech Sta,380 Ferst Dr,Atlanta,GA,30362,USA,1/31/2000,,,
19687500.0,0.019687498031250198,Institution 11,real_email_for_shareholder_communication@gmx.com,2/1/1978,154 Georgia Tech Sta,381 Ferst Dr,Atlanta,GA,30363,USA,2/1/2000,,,
17044265.5935613,0.01704426388913491,Institution 12,real_email_for_shareholder_communication@gmx.com,2/2/1978,155 Georgia Tech Sta,382 Ferst Dr,Atlanta,GA,30364,USA,2/2/2000,,,
14988649.8905263,0.01498864839166146,Institution 13,real_email_for_shareholder_communication@gmx.com,2/3/1978,156 Georgia Tech Sta,383 Ferst Dr,Atlanta,GA,30365,USA,2/3/2000,,,
14662833.7523392,0.01466283228605597,Institution 14,real_email_for_shareholder_communication@gmx.com,2/4/1978,157 Georgia Tech Sta,384 Ferst Dr,Atlanta,GA,30366,USA,2/4/2000,,,
11620847.6276428,0.011620846465558152,Institution 15,real_email_for_shareholder_communication@gmx.com,2/5/1978,158 Georgia Tech Sta,385 Ferst Dr,Atlanta,GA,30367,USA,2/5/2000,,,
11468253.9682539,0.011468252821428616,Institution 16,real_email_for_shareholder_communication@gmx.com,2/6/1978,159 Georgia Tech Sta,386 Ferst Dr,Atlanta,GA,30368,USA,2/6/2000,,,
11467995.5782706,0.011467994431471156,Institution 17,real_email_for_shareholder_communication@gmx.com,2/7/1978,160 Georgia Tech Sta,387 Ferst Dr,Atlanta,GA,30369,USA,2/7/2000,,,
11000000.0,0.01099999890000011,Institution 18,real_email_for_shareholder_communication@gmx.com,2/8/1978,161 Georgia Tech Sta,388 Ferst Dr,Atlanta,GA,30370,USA,2/8/2000,,,
11000000.0,0.01099999890000011,Institution 19,real_email_for_shareholder_communication@gmx.com,2/9/1978,162 Georgia Tech Sta,389 Ferst Dr,Atlanta,GA,30371,USA,2/9/2000,,,
10999999.9994767,0.01099999889947681,Institution 20,real_email_for_shareholder_communication@gmx.com,2/10/1978,163 Georgia Tech Sta,390 Ferst Dr,Atlanta,GA,30372,USA,2/10/2000,,,
10638297.8723404,0.010638296808510719,Institution 21,real_email_for_shareholder_communication@gmx.com,2/11/1978,164 Georgia Tech Sta,391 Ferst Dr,Atlanta,GA,30373,USA,2/11/2000,,,
0.0764915,7.649149235085077e-11,Institution 22,real_email_for_shareholder_communication@gmx.com,2/12/1978,165 Georgia Tech Sta,392 Ferst Dr,Atlanta,GA,30374,USA,2/12/2000,,,
10066516.6667677,0.010066515660116133,Institution 23,real_email_for_shareholder_communication@gmx.com,2/13/1978,166 Georgia Tech Sta,393 Ferst Dr,Atlanta,GA,30375,USA,2/13/2000,,,
10000000.0,0.0099999990000001,Institution 24,real_email_for_shareholder_communication@gmx.com,2/14/1978,167 Georgia Tech Sta,394 Ferst Dr,Atlanta,GA,30376,USA,2/14/2000,,,
10000000.0,0.0099999990000001,Institution 25,real_email_for_shareholder_communication@gmx.com,2/15/1978,168 Georgia Tech Sta,395 Ferst Dr,Atlanta,GA,30377,USA,2/15/2000,,,
0.0,0.0,Institution 26,real_email_for_shareholder_communication@gmx.com,2/16/1978,169 Georgia Tech Sta,396 Ferst Dr,Atlanta,GA,30378,USA,2/16/2000,,,
9405972.0,0.009405971059402895,Institution 27,real_email_for_shareholder_communication@gmx.com,2/17/1978,170 Georgia Tech Sta,397 Ferst Dr,Atlanta,GA,30379,USA,2/17/2000,,,
10647671.2705099,0.01064767020574288,Institution 28,real_email_for_shareholder_communication@gmx.com,2/18/1978,171 Georgia Tech Sta,398 Ferst Dr,Atlanta,GA,30380,USA,2/18/2000,,,
6273815.8082314,0.006273815180849882,Institution 29,real_email_for_shareholder_communication@gmx.com,2/19/1978,172 Georgia Tech Sta,399 Ferst Dr,Atlanta,GA,30381,USA,2/19/2000,,,
7844812.8194492,0.007844812034967997,Institution 30,real_email_for_shareholder_communication@gmx.com,2/20/1978,173 Georgia Tech Sta,400 Ferst Dr,Atlanta,GA,30382,USA,2/20/2000,,,
7348903.9743588,0.007348903239468476,Institution 31,real_email_for_shareholder_communication@gmx.com,2/21/1978,174 Georgia Tech Sta,401 Ferst Dr,Atlanta,GA,30383,USA,2/21/2000,,,
7284002.8188864,0.007284002090486192,Institution 32,real_email_for_shareholder_communication@gmx.com,2/22/1978,175 Georgia Tech Sta,402 Ferst Dr,Atlanta,GA,30384,USA,2/22/2000,,,
7164519.4805192,0.007164518764067323,Institution 33,real_email_for_shareholder_communication@gmx.com,2/23/1978,176 Georgia Tech Sta,403 Ferst Dr,Atlanta,GA,30385,USA,2/23/2000,,,
6590000.0,0.006589999341000066,Institution 34,real_email_for_shareholder_communication@gmx.com,2/24/1978,177 Georgia Tech Sta,404 Ferst Dr,Atlanta,GA,30386,USA,2/24/2000,,,
6589241.616402,0.006589240957477905,Institution 35,real_email_for_shareholder_communication@gmx.com,2/25/1978,178 Georgia Tech Sta,405 Ferst Dr,Atlanta,GA,30387,USA,2/25/2000,,,
6548463.3847517,0.0065484627299054275,Institution 36,real_email_for_shareholder_communication@gmx.com,2/26/1978,179 Georgia Tech Sta,406 Ferst Dr,Atlanta,GA,30388,USA,2/26/2000,,,
6521739.1304347,0.006521738478260853,Institution 37,real_email_for_shareholder_communication@gmx.com,2/27/1978,180 Georgia Tech Sta,407 Ferst Dr,Atlanta,GA,30389,USA,2/27/2000,,,
6222222.2222222,0.006222221600000039,Institution 38,real_email_for_shareholder_communication@gmx.com,2/28/1978,181 Georgia Tech Sta,408 Ferst Dr,Atlanta,GA,30390,USA,2/28/2000,,,
6813953.488372,0.00681395280697672,Institution 39,real_email_for_shareholder_communication@gmx.com,3/1/1978,182 Georgia Tech Sta,409 Ferst Dr,Atlanta,GA,30391,USA,2/29/2000,,,
8049999.9666667,0.008049999161666785,Institution 40,real_email_for_shareholder_communication@gmx.com,3/2/1978,183 Georgia Tech Sta,410 Ferst Dr,Atlanta,GA,30392,USA,3/1/2000,,,
5405405.3783783,0.0054054048378378156,Institution 41,real_email_for_shareholder_communication@gmx.com,3/3/1978,184 Georgia Tech Sta,411 Ferst Dr,Atlanta,GA,30393,USA,3/2/2000,,,
11174569.4097998,0.01117456829234297,Institution 42,real_email_for_shareholder_communication@gmx.com,3/4/1978,185 Georgia Tech Sta,412 Ferst Dr,Atlanta,GA,30394,USA,3/3/2000,,,
5217391.3043477,0.005217390782608623,Institution 43,real_email_for_shareholder_communication@gmx.com,3/5/1978,186 Georgia Tech Sta,413 Ferst Dr,Atlanta,GA,30395,USA,3/4/2000,,,
5000000.0058426,0.00499999950584265,Institution 44,real_email_for_shareholder_communication@gmx.com,3/6/1978,187 Georgia Tech Sta,414 Ferst Dr,Atlanta,GA,30396,USA,3/5/2000,,,
5000000.0,0.00499999950000005,Institution 45,real_email_for_shareholder_communication@gmx.com,3/7/1978,188 Georgia Tech Sta,415 Ferst Dr,Atlanta,GA,30397,USA,3/6/2000,,,
5000000.0,0.00499999950000005,Institution 46,real_email_for_shareholder_communication@gmx.com,3/8/1978,189 Georgia Tech Sta,416 Ferst Dr,Atlanta,GA,30398,USA,3/7/2000,,,
5051431.1212121,0.005051430616069038,Institution 47,real_email_for_shareholder_communication@gmx.com,3/9/1978,190 Georgia Tech Sta,417 Ferst Dr,Atlanta,GA,30399,USA,3/8/2000,,,
5000000.0,0.00499999950000005,Institution 48,real_email_for_shareholder_communication@gmx.com,3/10/1978,191 Georgia Tech Sta,418 Ferst Dr,Atlanta,GA,30400,USA,3/9/2000,,,
4857142.8571428,0.004857142371428563,Institution 49,real_email_for_shareholder_communication@gmx.com,3/11/1978,192 Georgia Tech Sta,419 Ferst Dr,Atlanta,GA,30401,USA,3/10/2000,,,
4025974.025974,0.004025973623376638,Institution 50,real_email_for_shareholder_communication@gmx.com,3/12/1978,193 Georgia Tech Sta,420 Ferst Dr,Atlanta,GA,30402,USA,3/11/2000,,,
4000000.0,0.00399999960000004,Institution 51,real_email_for_shareholder_communication@gmx.com,3/13/1978,194 Georgia Tech Sta,421 Ferst Dr,Atlanta,GA,30403,USA,3/12/2000,,,
17956733.0893655,0.017956731293692373,Institution 52,real_email_for_shareholder_communication@gmx.com,3/14/1978,195 Georgia Tech Sta,422 Ferst Dr,Atlanta,GA,30404,USA,3/13/2000,,,
3668046.4327432,0.0036680460659385935,Institution 53,real_email_for_shareholder_communication@gmx.com,3/15/1978,196 Georgia Tech Sta,423 Ferst Dr,Atlanta,GA,30405,USA,3/14/2000,,,
3615571.168295,0.0036155708067379193,Institution 54,real_email_for_shareholder_communication@gmx.com,3/16/1978,197 Georgia Tech Sta,424 Ferst Dr,Atlanta,GA,30406,USA,3/15/2000,,,
3543815.513883,0.003543815159501484,Institution 55,real_email_for_shareholder_communication@gmx.com,3/17/1978,198 Georgia Tech Sta,425 Ferst Dr,Atlanta,GA,30407,USA,3/16/2000,,,
3219595.045238,0.003219594723278528,Institution 57,real_email_for_shareholder_communication@gmx.com,3/19/1978,200 Georgia Tech Sta,427 Ferst Dr,Atlanta,GA,30409,USA,3/18/2000,,,
3112359.5393258,0.003112359228089877,Institution 58,real_email_for_shareholder_communication@gmx.com,3/20/1978,201 Georgia Tech Sta,428 Ferst Dr,Atlanta,GA,30410,USA,3/19/2000,,,
3000000.0,0.00299999970000003,Institution 59,real_email_for_shareholder_communication@gmx.com,3/21/1978,202 Georgia Tech Sta,429 Ferst Dr,Atlanta,GA,30411,USA,3/20/2000,,,
2980477.03,0.002980476731952327,Institution 60,real_email_for_shareholder_communication@gmx.com,3/22/1978,203 Georgia Tech Sta,430 Ferst Dr,Atlanta,GA,30412,USA,3/21/2000,,,
2941176.4705882,0.0029411761764705823,Institution 61,real_email_for_shareholder_communication@gmx.com,3/23/1978,204 Georgia Tech Sta,431 Ferst Dr,Atlanta,GA,30413,USA,3/22/2000,,,
0.0,0.0,Institution 62,real_email_for_shareholder_communication@gmx.com,3/24/1978,205 Georgia Tech Sta,432 Ferst Dr,Atlanta,GA,30414,USA,3/23/2000,,,
2857142.8571428,0.002857142571428543,Institution 63,real_email_for_shareholder_communication@gmx.com,3/25/1978,206 Georgia Tech Sta,433 Ferst Dr,Atlanta,GA,30415,USA,3/24/2000,,,
0.0119047,1.1904698809530121e-11,Institution 64,real_email_for_shareholder_communication@gmx.com,3/26/1978,207 Georgia Tech Sta,434 Ferst Dr,Atlanta,GA,30416,USA,3/25/2000,,,
2150000.0075621,0.0021499997925621206,Institution 65,real_email_for_shareholder_communication@gmx.com,3/27/1978,208 Georgia Tech Sta,435 Ferst Dr,Atlanta,GA,30417,USA,3/26/2000,,,
2499999.9949495,0.0024999997449495254,Institution 66,real_email_for_shareholder_communication@gmx.com,3/28/1978,209 Georgia Tech Sta,436 Ferst Dr,Atlanta,GA,30418,USA,3/27/2000,,,
2499999.9926533,0.0024999997426533257,Institution 67,real_email_for_shareholder_communication@gmx.com,3/29/1978,210 Georgia Tech Sta,437 Ferst Dr,Atlanta,GA,30419,USA,3/28/2000,,,
2484227.9303545,0.002484227681931732,Institution 68,real_email_for_shareholder_communication@gmx.com,3/30/1978,211 Georgia Tech Sta,438 Ferst Dr,Atlanta,GA,30420,USA,3/29/2000,,,
2397000.0,0.002396999760300024,Institution 69,real_email_for_shareholder_communication@gmx.com,3/31/1978,212 Georgia Tech Sta,439 Ferst Dr,Atlanta,GA,30421,USA,3/30/2000,,,
2366341.6399084,0.0023663414032742596,Institution 70,real_email_for_shareholder_communication@gmx.com,4/1/1978,213 Georgia Tech Sta,440 Ferst Dr,Atlanta,GA,30422,USA,3/31/2000,,,
2333333.3333333,0.00233333309999999,Institution 71,real_email_for_shareholder_communication@gmx.com,4/2/1978,214 Georgia Tech Sta,441 Ferst Dr,Atlanta,GA,30423,USA,4/1/2000,,,
2314865.1296296,0.00231486489814311,Institution 72,real_email_for_shareholder_communication@gmx.com,4/3/1978,215 Georgia Tech Sta,442 Ferst Dr,Atlanta,GA,30424,USA,4/2/2000,,,
2222222.2111111,0.0022222219888889012,Institution 73,real_email_for_shareholder_communication@gmx.com,4/4/1978,216 Georgia Tech Sta,443 Ferst Dr,Atlanta,GA,30425,USA,4/3/2000,,,
2173913.0434782,0.0021739128260869177,Institution 74,real_email_for_shareholder_communication@gmx.com,4/5/1978,217 Georgia Tech Sta,444 Ferst Dr,Atlanta,GA,30426,USA,4/4/2000,,,
2036198.0421052,0.002036197838485416,Institution 75,real_email_for_shareholder_communication@gmx.com,4/6/1978,218 Georgia Tech Sta,445 Ferst Dr,Atlanta,GA,30427,USA,4/5/2000,,,
2025316.4556962,0.002025316253164575,Institution 76,real_email_for_shareholder_communication@gmx.com,4/7/1978,219 Georgia Tech Sta,446 Ferst Dr,Atlanta,GA,30428,USA,4/6/2000,,,
2000000.6817927,0.002000000481792652,Institution 77,real_email_for_shareholder_communication@gmx.com,4/8/1978,220 Georgia Tech Sta,447 Ferst Dr,Atlanta,GA,30429,USA,4/7/2000,,,
2000000.0,0.00199999980000002,Institution 78,real_email_for_shareholder_communication@gmx.com,4/9/1978,221 Georgia Tech Sta,448 Ferst Dr,Atlanta,GA,30430,USA,4/8/2000,,,
1944444.444444,0.0019444442499995751,Institution 80,real_email_for_shareholder_communication@gmx.com,4/11/1978,223 Georgia Tech Sta,450 Ferst Dr,Atlanta,GA,30432,USA,4/10/2000,,,
1777777.0,0.0017777768222223178,Institution 81,real_email_for_shareholder_communication@gmx.com,4/12/1978,224 Georgia Tech Sta,451 Ferst Dr,Atlanta,GA,30433,USA,4/11/2000,,,
1733333.3333333,0.001733333159999984,Institution 82,real_email_for_shareholder_communication@gmx.com,4/13/1978,225 Georgia Tech Sta,452 Ferst Dr,Atlanta,GA,30434,USA,4/12/2000,,,
1558052.4344568,0.0015580522786515724,Institution 83,real_email_for_shareholder_communication@gmx.com,4/14/1978,226 Georgia Tech Sta,453 Ferst Dr,Atlanta,GA,30435,USA,4/13/2000,,,
1502359.2105263,0.0015023590602903938,Institution 84,real_email_for_shareholder_communication@gmx.com,4/15/1978,227 Georgia Tech Sta,454 Ferst Dr,Atlanta,GA,30436,USA,4/14/2000,,,
1501047.6190476,0.0015010474689428532,Institution 85,real_email_for_shareholder_communication@gmx.com,4/16/1978,228 Georgia Tech Sta,455 Ferst Dr,Atlanta,GA,30437,USA,4/15/2000,,,
1485689.7656179,0.0014856896170489385,Institution 86,real_email_for_shareholder_communication@gmx.com,4/17/1978,229 Georgia Tech Sta,456 Ferst Dr,Atlanta,GA,30438,USA,4/16/2000,,,
1481481.4814814,0.0014814813333332668,Most ledgers are about this size give or take under 10B,real_email_for_shareholder_communication@gmx.com,4/18/1978,230 Georgia Tech Sta,457 Ferst Dr,Atlanta,GA,30439,USA,4/17/2000,,,
1428571.4285714,0.0014285712857142715,Institution 88,real_email_for_shareholder_communication@gmx.com,4/19/1978,231 Georgia Tech Sta,458 Ferst Dr,Atlanta,GA,30440,USA,4/18/2000,,,
1315617.3805282,0.001315617248966475,Institution 89,real_email_for_shareholder_communication@gmx.com,4/20/1978,232 Georgia Tech Sta,459 Ferst Dr,Atlanta,GA,30441,USA,4/19/2000,,,
1305000.0236842,0.0013049998931842107,Institution 90,real_email_for_shareholder_communication@gmx.com,4/21/1978,233 Georgia Tech Sta,460 Ferst Dr,Atlanta,GA,30442,USA,4/20/2000,,,
1265822.7848101,0.0012658226582278342,Institution 91,real_email_for_shareholder_communication@gmx.com,4/22/1978,234 Georgia Tech Sta,461 Ferst Dr,Atlanta,GA,30443,USA,4/21/2000,,,
1176470.5882352,0.0011764704705881529,Institution 92,real_email_for_shareholder_communication@gmx.com,4/23/1978,235 Georgia Tech Sta,462 Ferst Dr,Atlanta,GA,30444,USA,4/22/2000,,,
1143203.3456179,0.0011432032312975768,Institution 93,real_email_for_shareholder_communication@gmx.com,4/24/1978,236 Georgia Tech Sta,463 Ferst Dr,Atlanta,GA,30445,USA,4/23/2000,,,
137613.8097561,0.0001376137959947204,Institution 94,real_email_for_shareholder_communication@gmx.com,4/25/1978,237 Georgia Tech Sta,464 Ferst Dr,Atlanta,GA,30446,USA,4/24/2000,,,
1136283.3421655,0.0011362832285371771,Institution 95,real_email_for_shareholder_communication@gmx.com,4/26/1978,238 Georgia Tech Sta,465 Ferst Dr,Atlanta,GA,30447,USA,4/25/2000,,,
1126668.076923,0.0011266679642562036,Institution 96,real_email_for_shareholder_communication@gmx.com,4/27/1978,239 Georgia Tech Sta,466 Ferst Dr,Atlanta,GA,30448,USA,4/26/2000,,,
1126666.6666666,0.0011266665539999446,Institution 97,real_email_for_shareholder_communication@gmx.com,4/28/1978,240 Georgia Tech Sta,467 Ferst Dr,Atlanta,GA,30449,USA,4/27/2000,,,
1107070.7575756,0.0011070706468685352,Institution 98,real_email_for_shareholder_communication@gmx.com,4/29/1978,241 Georgia Tech Sta,468 Ferst Dr,Atlanta,GA,30450,USA,4/28/2000,,,
1100000.0137008,0.0010999999037008097,Institution 99,real_email_for_shareholder_communication@gmx.com,4/30/1978,242 Georgia Tech Sta,469 Ferst Dr,Atlanta,GA,30451,USA,4/29/2000,,,
1073247.2133326,0.0010732471060078894,Institution 100,real_email_for_shareholder_communication@gmx.com,5/1/1978,243 Georgia Tech Sta,470 Ferst Dr,Atlanta,GA,30452,USA,4/30/2000,,,
1052631.5789473,0.0010526314736841527,Institution 101,real_email_for_shareholder_communication@gmx.com,5/2/1978,244 Georgia Tech Sta,471 Ferst Dr,Atlanta,GA,30453,USA,5/1/2000,,,
1051587.3015872,0.0010515871964284803,Institution 102,real_email_for_shareholder_communication@gmx.com,5/3/1978,245 Georgia Tech Sta,472 Ferst Dr,Atlanta,GA,30454,USA,5/2/2000,,,
1025641.025641,0.0010256409230769076,Institution 103,real_email_for_shareholder_communication@gmx.com,5/4/1978,246 Georgia Tech Sta,473 Ferst Dr,Atlanta,GA,30455,USA,5/3/2000,,,
1024514.8110314,0.0010245147085799291,Institution 104,real_email_for_shareholder_communication@gmx.com,5/5/1978,247 Georgia Tech Sta,474 Ferst Dr,Atlanta,GA,30456,USA,5/4/2000,,,
1007594.9367089,0.0010075948359494164,Institution 105,real_email_for_shareholder_communication@gmx.com,5/6/1978,248 Georgia Tech Sta,475 Ferst Dr,Atlanta,GA,30457,USA,5/5/2000,,,
100000.7582743,0.00010000074827422517,Institution 106,real_email_for_shareholder_communication@gmx.com,5/7/1978,249 Georgia Tech Sta,476 Ferst Dr,Atlanta,GA,30458,USA,5/6/2000,,,
1014784.8962324,0.0010147847947539206,Institution 107,real_email_for_shareholder_communication@gmx.com,5/8/1978,250 Georgia Tech Sta,477 Ferst Dr,Atlanta,GA,30459,USA,5/7/2000,,,
1000000.003077,0.0009999999030770098,Institution 108,real_email_for_shareholder_communication@gmx.com,5/9/1978,251 Georgia Tech Sta,478 Ferst Dr,Atlanta,GA,30460,USA,5/8/2000,,,
1000000.0,0.00099999990000001,Institution 109,real_email_for_shareholder_communication@gmx.com,5/10/1978,252 Georgia Tech Sta,479 Ferst Dr,Atlanta,GA,30461,USA,5/9/2000,,,
1000000.0,0.00099999990000001,Institution 110,real_email_for_shareholder_communication@gmx.com,5/11/1978,253 Georgia Tech Sta,480 Ferst Dr,Atlanta,GA,30462,USA,5/10/2000,,,
1000000.0,0.00099999990000001,Institution 111,real_email_for_shareholder_communication@gmx.com,5/12/1978,254 Georgia Tech Sta,481 Ferst Dr,Atlanta,GA,30463,USA,5/11/2000,,,
1000000.0,0.00099999990000001,Institution 112,real_email_for_shareholder_communication@gmx.com,5/13/1978,255 Georgia Tech Sta,482 Ferst Dr,Atlanta,GA,30464,USA,5/12/2000,,,
1000000.0,0.00099999990000001,Institution 113,real_email_for_shareholder_communication@gmx.com,5/14/1978,256 Georgia Tech Sta,483 Ferst Dr,Atlanta,GA,30465,USA,5/13/2000,,,
1000000.0,0.00099999990000001,Institution 114,real_email_for_shareholder_communication@gmx.com,5/15/1978,257 Georgia Tech Sta,484 Ferst Dr,Atlanta,GA,30466,USA,5/14/2000,,,
11000000.0,0.01099999890000011,Institution 115,real_email_for_shareholder_communication@gmx.com,5/16/1978,258 Georgia Tech Sta,485 Ferst Dr,Atlanta,GA,30467,USA,5/15/2000,,,
1000000.0,0.00099999990000001,Institution 116,real_email_for_shareholder_communication@gmx.com,5/17/1978,259 Georgia Tech Sta,486 Ferst Dr,Atlanta,GA,30468,USA,5/16/2000,,,
1000000.0,0.00099999990000001,Institution 117,real_email_for_shareholder_communication@gmx.com,5/18/1978,260 Georgia Tech Sta,487 Ferst Dr,Atlanta,GA,30469,USA,5/17/2000,,,
996893.4444442,0.0009968933447548657,Institution 118,real_email_for_shareholder_communication@gmx.com,5/19/1978,261 Georgia Tech Sta,488 Ferst Dr,Atlanta,GA,30470,USA,5/18/2000,,,
923072.8947368,0.0009230728024295198,Institution 119,real_email_for_shareholder_communication@gmx.com,5/20/1978,262 Georgia Tech Sta,489 Ferst Dr,Atlanta,GA,30471,USA,5/19/2000,,,
902440.9741195,0.0009024408838754117,Institution 120,real_email_for_shareholder_communication@gmx.com,5/21/1978,263 Georgia Tech Sta,490 Ferst Dr,Atlanta,GA,30472,USA,5/20/2000,,,
2014524.1693494,0.0020145239678970033,Institution 121,real_email_for_shareholder_communication@gmx.com,5/22/1978,264 Georgia Tech Sta,491 Ferst Dr,Atlanta,GA,30473,USA,5/21/2000,,,
797872.3351063,0.0007978722553190744,Institution 122,real_email_for_shareholder_communication@gmx.com,5/23/1978,265 Georgia Tech Sta,492 Ferst Dr,Atlanta,GA,30474,USA,5/22/2000,,,
791237.1603606,0.000791237081236892,Institution 123,real_email_for_shareholder_communication@gmx.com,5/24/1978,266 Georgia Tech Sta,493 Ferst Dr,Atlanta,GA,30475,USA,5/23/2000,,,
752759.8895954,0.0007527598143194185,Institution 124,real_email_for_shareholder_communication@gmx.com,5/25/1978,267 Georgia Tech Sta,494 Ferst Dr,Atlanta,GA,30476,USA,5/24/2000,,,
750000.0,0.0007499999250000075,Institution 125,real_email_for_shareholder_communication@gmx.com,5/26/1978,268 Georgia Tech Sta,495 Ferst Dr,Atlanta,GA,30477,USA,5/25/2000,,,
740740.7407407,0.0007407406666666334,Institution 126,real_email_for_shareholder_communication@gmx.com,5/27/1978,269 Georgia Tech Sta,496 Ferst Dr,Atlanta,GA,30478,USA,5/26/2000,,,
614285.7142857,0.0006142856528571348,Institution 127,real_email_for_shareholder_communication@gmx.com,5/28/1978,270 Georgia Tech Sta,497 Ferst Dr,Atlanta,GA,30479,USA,5/27/2000,,,
700000.0,0.000699999930000007,Institution 128,real_email_for_shareholder_communication@gmx.com,5/29/1978,271 Georgia Tech Sta,498 Ferst Dr,Atlanta,GA,30480,USA,5/28/2000,,,
684931.5068493,0.0006849314383561561,Institution 129,real_email_for_shareholder_communication@gmx.com,5/30/1978,272 Georgia Tech Sta,499 Ferst Dr,Atlanta,GA,30481,USA,5/29/2000,,,
671834.6253229,0.0006718345581394441,Institution 130,real_email_for_shareholder_communication@gmx.com,5/31/1978,273 Georgia Tech Sta,500 Ferst Dr,Atlanta,GA,30482,USA,5/30/2000,,,
632911.392405,0.0006329113291138671,Institution 131,real_email_for_shareholder_communication@gmx.com,6/1/1978,274 Georgia Tech Sta,501 Ferst Dr,Atlanta,GA,30483,USA,5/31/2000,,,
629100.5291005,0.0006291004661904534,Institution 132,real_email_for_shareholder_communication@gmx.com,6/2/1978,275 Georgia Tech Sta,502 Ferst Dr,Atlanta,GA,30484,USA,6/1/2000,,,
606500.0,0.000606499939350006,Institution 133,real_email_for_shareholder_communication@gmx.com,6/3/1978,276 Georgia Tech Sta,503 Ferst Dr,Atlanta,GA,30485,USA,6/2/2000,,,
601000.0,0.000600999939900006,Institution 134,real_email_for_shareholder_communication@gmx.com,6/4/1978,277 Georgia Tech Sta,504 Ferst Dr,Atlanta,GA,30486,USA,6/3/2000,,,
596710.1794871,0.000596710119816088,Institution 135,real_email_for_shareholder_communication@gmx.com,6/5/1978,278 Georgia Tech Sta,505 Ferst Dr,Atlanta,GA,30487,USA,6/4/2000,,,
558659.217877,0.0005586591620110838,Institution 136,real_email_for_shareholder_communication@gmx.com,6/6/1978,279 Georgia Tech Sta,506 Ferst Dr,Atlanta,GA,30488,USA,6/5/2000,,,
555555.5555555,0.00055555549999995,Institution 137,real_email_for_shareholder_communication@gmx.com,6/7/1978,280 Georgia Tech Sta,507 Ferst Dr,Atlanta,GA,30489,USA,6/6/2000,,,
531934.9189188,0.0005319348657253135,Institution 138,real_email_for_shareholder_communication@gmx.com,6/8/1978,281 Georgia Tech Sta,508 Ferst Dr,Atlanta,GA,30490,USA,6/7/2000,,,
525562.9067019,0.0005255628541456145,Institution 139,real_email_for_shareholder_communication@gmx.com,6/9/1978,282 Georgia Tech Sta,509 Ferst Dr,Atlanta,GA,30491,USA,6/8/2000,,,
507614.2131979,0.0005076141624364837,Institution 140,real_email_for_shareholder_communication@gmx.com,6/10/1978,283 Georgia Tech Sta,510 Ferst Dr,Atlanta,GA,30492,USA,6/9/2000,,,
500000.0003788,0.0004999999503788049,Institution 141,real_email_for_shareholder_communication@gmx.com,6/11/1978,284 Georgia Tech Sta,511 Ferst Dr,Atlanta,GA,30493,USA,6/10/2000,,,
500000.0,0.000499999950000005,Institution 142,real_email_for_shareholder_communication@gmx.com,6/12/1978,285 Georgia Tech Sta,512 Ferst Dr,Atlanta,GA,30494,USA,6/11/2000,,,
500000.0,0.000499999950000005,Institution 143,real_email_for_shareholder_communication@gmx.com,6/13/1978,286 Georgia Tech Sta,513 Ferst Dr,Atlanta,GA,30495,USA,6/12/2000,,,
499978.0037883,0.0004999779537905047,Institution 144,real_email_for_shareholder_communication@gmx.com,6/14/1978,287 Georgia Tech Sta,514 Ferst Dr,Atlanta,GA,30496,USA,6/13/2000,,,
498452.0123838,0.0004984519625386037,Institution 145,real_email_for_shareholder_communication@gmx.com,6/15/1978,288 Georgia Tech Sta,515 Ferst Dr,Atlanta,GA,30497,USA,6/14/2000,,,
477042.3375074,0.000477042289803171,Institution 146,real_email_for_shareholder_communication@gmx.com,6/16/1978,289 Georgia Tech Sta,516 Ferst Dr,Atlanta,GA,30498,USA,6/15/2000,,,
454545.4545454,0.0004545454090908591,Institution 147,real_email_for_shareholder_communication@gmx.com,6/17/1978,290 Georgia Tech Sta,517 Ferst Dr,Atlanta,GA,30499,USA,6/16/2000,,,
450000.0,0.0004499999550000045,Institution 148,real_email_for_shareholder_communication@gmx.com,6/18/1978,291 Georgia Tech Sta,518 Ferst Dr,Atlanta,GA,30500,USA,6/17/2000,,,
444444.4222222,0.00044444437777776225,Institution 149,real_email_for_shareholder_communication@gmx.com,6/19/1978,292 Georgia Tech Sta,519 Ferst Dr,Atlanta,GA,30501,USA,6/18/2000,,,
393431.8421052,0.0003934318027620197,Institution 150,real_email_for_shareholder_communication@gmx.com,6/20/1978,293 Georgia Tech Sta,520 Ferst Dr,Atlanta,GA,30502,USA,6/19/2000,,,
379746.835443,0.0003797467974683203,Institution 151,real_email_for_shareholder_communication@gmx.com,6/21/1978,294 Georgia Tech Sta,521 Ferst Dr,Atlanta,GA,30503,USA,6/20/2000,,,
375000.0,0.00037499996250000374,Institution 152,real_email_for_shareholder_communication@gmx.com,6/22/1978,295 Georgia Tech Sta,522 Ferst Dr,Atlanta,GA,30504,USA,6/21/2000,,,
373125.0,0.00037312496268750373,Institution 153,real_email_for_shareholder_communication@gmx.com,6/23/1978,296 Georgia Tech Sta,523 Ferst Dr,Atlanta,GA,30505,USA,6/22/2000,,,
322901.8492175,0.00032290181692731833,Institution 154,real_email_for_shareholder_communication@gmx.com,6/24/1978,297 Georgia Tech Sta,524 Ferst Dr,Atlanta,GA,30506,USA,6/23/2000,,,
321425.8571428,0.0003214258250002175,Institution 155,real_email_for_shareholder_communication@gmx.com,6/25/1978,298 Georgia Tech Sta,525 Ferst Dr,Atlanta,GA,30507,USA,6/24/2000,,,
300000.0,0.000299999970000003,Institution 156,real_email_for_shareholder_communication@gmx.com,6/26/1978,299 Georgia Tech Sta,526 Ferst Dr,Atlanta,GA,30508,USA,6/25/2000,,,
285714.2857142,0.00028571425714277426,Institution 157,real_email_for_shareholder_communication@gmx.com,6/27/1978,300 Georgia Tech Sta,527 Ferst Dr,Atlanta,GA,30509,USA,6/26/2000,,,
277777.7777777,0.00027777774999992495,Institution 158,real_email_for_shareholder_communication@gmx.com,6/28/1978,301 Georgia Tech Sta,528 Ferst Dr,Atlanta,GA,30510,USA,6/27/2000,,,
270270.2702702,0.0002702702432431757,Institution 159,real_email_for_shareholder_communication@gmx.com,6/29/1978,302 Georgia Tech Sta,529 Ferst Dr,Atlanta,GA,30511,USA,6/28/2000,,,
265957.4468085,0.00026595742021275797,Institution 160,real_email_for_shareholder_communication@gmx.com,6/30/1978,303 Georgia Tech Sta,530 Ferst Dr,Atlanta,GA,30512,USA,6/29/2000,,,
0.3947368,3.94736760526324e-10,Institution 161,real_email_for_shareholder_communication@gmx.com,7/1/1978,304 Georgia Tech Sta,531 Ferst Dr,Atlanta,GA,30513,USA,6/30/2000,,,
230000.0,0.0002299999770000023,Institution 162,real_email_for_shareholder_communication@gmx.com,7/2/1978,305 Georgia Tech Sta,532 Ferst Dr,Atlanta,GA,30514,USA,7/1/2000,,,
192307.6923076,0.0001923076730768327,Institution 163,real_email_for_shareholder_communication@gmx.com,7/3/1978,306 Georgia Tech Sta,533 Ferst Dr,Atlanta,GA,30515,USA,7/2/2000,,,
183924.1839241,0.00018392416553168346,Institution 164,real_email_for_shareholder_communication@gmx.com,7/4/1978,307 Georgia Tech Sta,534 Ferst Dr,Atlanta,GA,30516,USA,7/3/2000,,,
841080.3335366,0.000841080249428575,Institution 165,real_email_for_shareholder_communication@gmx.com,7/5/1978,308 Georgia Tech Sta,535 Ferst Dr,Atlanta,GA,30517,USA,7/4/2000,,,
169491.5254237,0.00016949150847454913,Institution 166,real_email_for_shareholder_communication@gmx.com,7/6/1978,309 Georgia Tech Sta,536 Ferst Dr,Atlanta,GA,30518,USA,7/5/2000,,,
162105.2631578,0.0001621052469472753,Institution 167,real_email_for_shareholder_communication@gmx.com,7/7/1978,310 Georgia Tech Sta,537 Ferst Dr,Atlanta,GA,30519,USA,7/6/2000,,,
150000.0,0.0001499999850000015,Institution 168,real_email_for_shareholder_communication@gmx.com,7/8/1978,311 Georgia Tech Sta,538 Ferst Dr,Atlanta,GA,30520,USA,7/7/2000,,,
131578.9473684,0.0001315789342105066,Institution 169,real_email_for_shareholder_communication@gmx.com,7/9/1978,312 Georgia Tech Sta,539 Ferst Dr,Atlanta,GA,30521,USA,7/8/2000,,,
128205.1282051,0.00012820511538458846,Institution 170,real_email_for_shareholder_communication@gmx.com,7/10/1978,313 Georgia Tech Sta,540 Ferst Dr,Atlanta,GA,30522,USA,7/9/2000,,,
123456.0,0.00012345598765440123,Institution 171,real_email_for_shareholder_communication@gmx.com,7/11/1978,314 Georgia Tech Sta,541 Ferst Dr,Atlanta,GA,30523,USA,7/10/2000,,,
116279.0697674,0.00011627905813949417,Institution 172,real_email_for_shareholder_communication@gmx.com,7/12/1978,315 Georgia Tech Sta,542 Ferst Dr,Atlanta,GA,30524,USA,7/11/2000,,,
112359.5505617,0.00011235953932574606,Institution 173,real_email_for_shareholder_communication@gmx.com,7/13/1978,316 Georgia Tech Sta,543 Ferst Dr,Atlanta,GA,30525,USA,7/12/2000,,,
112359.5505617,0.00011235953932574606,Institution 174,real_email_for_shareholder_communication@gmx.com,7/14/1978,317 Georgia Tech Sta,544 Ferst Dr,Atlanta,GA,30526,USA,7/13/2000,,,
111111.1111111,0.00011111109999999,Institution 175,real_email_for_shareholder_communication@gmx.com,7/15/1978,318 Georgia Tech Sta,545 Ferst Dr,Atlanta,GA,30527,USA,7/14/2000,,,
105299.95,0.00010529993947000606,Institution 176,real_email_for_shareholder_communication@gmx.com,7/16/1978,319 Georgia Tech Sta,546 Ferst Dr,Atlanta,GA,30528,USA,7/15/2000,,,
101010.1010199,0.0001010100909188909,Institution 177,real_email_for_shareholder_communication@gmx.com,7/17/1978,320 Georgia Tech Sta,547 Ferst Dr,Atlanta,GA,30529,USA,7/16/2000,,,
100000.6616728,0.00010000065167273484,Institution 178,real_email_for_shareholder_communication@gmx.com,7/18/1978,321 Georgia Tech Sta,548 Ferst Dr,Atlanta,GA,30530,USA,7/17/2000,,,
100000.0018939,9.999999189390081e-05,Institution 179,real_email_for_shareholder_communication@gmx.com,7/19/1978,322 Georgia Tech Sta,549 Ferst Dr,Atlanta,GA,30531,USA,7/18/2000,,,
100000.0,9.9999990000001e-05,Institution 180,real_email_for_shareholder_communication@gmx.com,7/20/1978,323 Georgia Tech Sta,550 Ferst Dr,Atlanta,GA,30532,USA,7/19/2000,,,
100000.0,9.9999990000001e-05,Institution 181,real_email_for_shareholder_communication@gmx.com,7/21/1978,324 Georgia Tech Sta,551 Ferst Dr,Atlanta,GA,30533,USA,7/20/2000,,,
100000.0,9.9999990000001e-05,Institution 182,real_email_for_shareholder_communication@gmx.com,7/22/1978,325 Georgia Tech Sta,552 Ferst Dr,Atlanta,GA,30534,USA,7/21/2000,,,
100000.0,9.9999990000001e-05,Institution 183,real_email_for_shareholder_communication@gmx.com,7/23/1978,326 Georgia Tech Sta,553 Ferst Dr,Atlanta,GA,30535,USA,7/22/2000,,,
100000.0,9.9999990000001e-05,Institution 185,real_email_for_shareholder_communication@gmx.com,7/25/1978,328 Georgia Tech Sta,555 Ferst Dr,Atlanta,GA,30537,USA,7/24/2000,,,
90000.0,8.99999910000009e-05,Institution 186,real_email_for_shareholder_communication@gmx.com,7/26/1978,329 Georgia Tech Sta,556 Ferst Dr,Atlanta,GA,30538,USA,7/25/2000,,,
80000.0,7.99999920000008e-05,Institution 187,real_email_for_shareholder_communication@gmx.com,7/27/1978,330 Georgia Tech Sta,557 Ferst Dr,Atlanta,GA,30539,USA,7/26/2000,,,
73333.3333333,7.33333259999674e-05,Institution 188,real_email_for_shareholder_communication@gmx.com,7/28/1978,331 Georgia Tech Sta,558 Ferst Dr,Atlanta,GA,30540,USA,7/27/2000,,,
64102.5641025,6.410255769224422e-05,Institution 189,real_email_for_shareholder_communication@gmx.com,7/29/1978,332 Georgia Tech Sta,559 Ferst Dr,Atlanta,GA,30541,USA,7/28/2000,,,
0.0268116,2.681159731884027e-11,Institution 190,real_email_for_shareholder_communication@gmx.com,7/30/1978,333 Georgia Tech Sta,560 Ferst Dr,Atlanta,GA,30542,USA,7/29/2000,,,
50000.0,4.99999950000005e-05,Institution 192,real_email_for_shareholder_communication@gmx.com,8/1/1978,335 Georgia Tech Sta,562 Ferst Dr,Atlanta,GA,30544,USA,7/31/2000,,,
150000.0,0.0001499999850000015,Institution 193,real_email_for_shareholder_communication@gmx.com,8/2/1978,336 Georgia Tech Sta,563 Ferst Dr,Atlanta,GA,30545,USA,8/1/2000,,,
30000.0,2.99999970000003e-05,Institution 194,real_email_for_shareholder_communication@gmx.com,8/3/1978,337 Georgia Tech Sta,564 Ferst Dr,Atlanta,GA,30546,USA,8/2/2000,,,
10000.0,9.9999990000001e-06,Institution 195,real_email_for_shareholder_communication@gmx.com,8/4/1978,338 Georgia Tech Sta,565 Ferst Dr,Atlanta,GA,30547,USA,8/3/2000,,,
5500.0,5.499999450000055e-06,Institution 196,real_email_for_shareholder_communication@gmx.com,8/5/1978,339 Georgia Tech Sta,566 Ferst Dr,Atlanta,GA,30548,USA,8/4/2000,,,
2500.0,2.499999750000025e-06,Institution 197,real_email_for_shareholder_communication@gmx.com,8/6/1978,340 Georgia Tech Sta,567 Ferst Dr,Atlanta,GA,30549,USA,8/5/2000,,,
1000.0,9.9999990000001e-07,Institution 198,real_email_for_shareholder_communication@gmx.com,8/7/1978,341 Georgia Tech Sta,568 Ferst Dr,Atlanta,GA,30550,USA,8/6/2000,,,
882.8857142,8.828856259114375e-07,Institution 199,real_email_for_shareholder_communication@gmx.com,8/8/1978,342 Georgia Tech Sta,569 Ferst Dr,Atlanta,GA,30551,USA,8/7/2000,,,
300.0,2.99999970000003e-07,Institution 200,real_email_for_shareholder_communication@gmx.com,8/9/1978,343 Georgia Tech Sta,570 Ferst Dr,Atlanta,GA,30552,USA,8/8/2000,,,
50.0,4.99999950000005e-08,Institution 201,real_email_for_shareholder_communication@gmx.com,8/10/1978,344 Georgia Tech Sta,571 Ferst Dr,Atlanta,GA,30553,USA,8/9/2000,,,
30.3030303,3.030302726969727e-08,Institution 202,real_email_for_shareholder_communication@gmx.com,8/11/1978,345 Georgia Tech Sta,572 Ferst Dr,Atlanta,GA,30554,USA,8/10/2000,,,
25.0,2.499999750000025e-08,Institution 203,real_email_for_shareholder_communication@gmx.com,8/12/1978,346 Georgia Tech Sta,573 Ferst Dr,Atlanta,GA,30555,USA,8/11/2000,,,
6.6779787,6.6779780322021966e-09,Institution 204,real_email_for_shareholder_communication@gmx.com,8/13/1978,347 Georgia Tech Sta,574 Ferst Dr,Atlanta,GA,30556,USA,8/12/2000,,,
0.9372306,9.372305062769495e-10,Institution 205,real_email_for_shareholder_communication@gmx.com,8/14/1978,348 Georgia Tech Sta,575 Ferst Dr,Atlanta,GA,30557,USA,8/13/2000,,,
0.6118143,6.118142388185761e-10,Institution 206,real_email_for_shareholder_communication@gmx.com,8/15/1978,349 Georgia Tech Sta,576 Ferst Dr,Atlanta,GA,30558,USA,8/14/2000,,,
0.2543124,2.543123745687625e-10,Institution 207,real_email_for_shareholder_communication@gmx.com,8/16/1978,350 Georgia Tech Sta,577 Ferst Dr,Atlanta,GA,30559,USA,8/15/2000,,,
0.197692,1.97691980230802e-10,Institution 208,real_email_for_shareholder_communication@gmx.com,8/17/1978,351 Georgia Tech Sta,578 Ferst Dr,Atlanta,GA,30560,USA,8/16/2000,,,
0.0416931,4.169309583069041e-11,Institution 209,real_email_for_shareholder_communication@gmx.com,8/18/1978,352 Georgia Tech Sta,579 Ferst Dr,Atlanta,GA,30561,USA,8/17/2000,,,
0.026316,2.6315997368400262e-11,Institution 210,real_email_for_shareholder_communication@gmx.com,8/19/1978,353 Georgia Tech Sta,580 Ferst Dr,Atlanta,GA,30562,USA,8/18/2000,,,
0.0245378,2.4537797546220247e-11,Institution 211,real_email_for_shareholder_communication@gmx.com,8/20/1978,354 Georgia Tech Sta,581 Ferst Dr,Atlanta,GA,30563,USA,8/19/2000,,,
0.0212939,2.129389787061021e-11,Institution 212,real_email_for_shareholder_communication@gmx.com,8/21/1978,355 Georgia Tech Sta,582 Ferst Dr,Atlanta,GA,30564,USA,8/20/2000,,,
0.0104288,1.0428798957120105e-11,CEO,real_email_for_shareholder_communication@gmx.com,8/22/1978,356 Georgia Tech Sta,583 Ferst Dr,Atlanta,GA,30565,USA,8/21/2000,,,
0.0085176,8.517599148240086e-12,CFO,real_email_for_shareholder_communication@gmx.com,8/23/1978,357 Georgia Tech Sta,584 Ferst Dr,Atlanta,GA,30566,USA,8/22/2000,,,
0.0081461,8.146099185390082e-12,CIO,real_email_for_shareholder_communication@gmx.com,8/24/1978,358 Georgia Tech Sta,585 Ferst Dr,Atlanta,GA,30567,USA,8/23/2000,,,
0.0076744,7.674399232560077e-12,CISO ,real_email_for_shareholder_communication@gmx.com,8/25/1978,359 Georgia Tech Sta,586 Ferst Dr,Atlanta,GA,30568,USA,8/24/2000,,,
0.0048231,4.823099517690048e-12,Big Manager 1,real_email_for_shareholder_communication@gmx.com,8/26/1978,360 Georgia Tech Sta,587 Ferst Dr,Atlanta,GA,30569,USA,8/25/2000,,,
0.0032678,3.267799673220033e-12,Big Manager 2,real_email_for_shareholder_communication@gmx.com,8/27/1978,361 Georgia Tech Sta,588 Ferst Dr,Atlanta,GA,30570,USA,8/26/2000,,,
0.0011765,1.1764998823500119e-12,Big Manager 4,real_email_for_shareholder_communication@gmx.com,8/29/1978,363 Georgia Tech Sta,590 Ferst Dr,Atlanta,GA,30572,USA,8/28/2000,,,
0.0008553,8.552999144700086e-13,Big Manager 5,real_email_for_shareholder_communication@gmx.com,8/30/1978,364 Georgia Tech Sta,591 Ferst Dr,Atlanta,GA,30573,USA,8/29/2000,,,
2.16e-05,2.1599997840000216e-14,Big Manager 7,real_email_for_shareholder_communication@gmx.com,9/1/1978,366 Georgia Tech Sta,593 Ferst Dr,Atlanta,GA,30575,USA,8/31/2000,,,
